{"mauve": 0.7564919992328456, "js": 0.3960070005324768, "frontier_integral": 0.5516946689360152, "forward": 2.2408246867161394, "backward": 2.115860587677117, "mauve_scores": [0.75182230753372, 0.7597888506223173, 0.7553665501116681, 0.7617964565439669, 0.7536858313525552], "forward_scores": [2.299230355178694, 2.166079021827666, 2.256697519366909, 2.212192765331028, 2.2699237718764005], "backward_scores": [2.1418952927395476, 2.112363415965678, 2.0958395240226912, 2.062019163069604, 2.167185542588063], "js_scores": [0.40105481709533797, 0.3927259784936855, 0.3972905925437177, 0.38990347031114336, 0.39906014421849956]}