{"mauve": 0.7212224423123365, "js": 0.43606636474791555, "frontier_integral": 0.6091061812011815, "forward": 2.452526788020906, "backward": 2.4556553630166134, "mauve_scores": [0.7210511906840633, 0.7208298960376847, 0.7149825867839481, 0.7305203888666423, 0.7187281491893441], "forward_scores": [2.5001420198193274, 2.4619727628198493, 2.3891085200545263, 2.4451350676042627, 2.466275569806566], "backward_scores": [2.366679483459724, 2.464907609389705, 2.577248543985713, 2.334296698380922, 2.535144479867003], "js_scores": [0.43645382834474744, 0.43645161820751777, 0.4436601713243651, 0.4252268562742329, 0.43853934958871466]}