{"mauve": 0.7448772446744663, "js": 0.4087303555028847, "frontier_integral": 0.5704706236936835, "forward": 2.3770252637888083, "backward": 2.1928977739832476, "mauve_scores": [0.7538264566926125, 0.7387293501733587, 0.7394698186533442, 0.751037241514269, 0.7413233563387462], "forward_scores": [2.2803574339781068, 2.455194954605624, 2.4204753513478283, 2.3289551101029433, 2.4001434689095396], "backward_scores": [2.1651893589271096, 2.245888778889375, 2.215092095357409, 2.133436649288526, 2.2048819874538164], "js_scores": [0.3983612526813173, 0.41552759455062516, 0.41497096141043427, 0.4018196784675262, 0.4129722904045209]}