{"mauve": 0.7585587672582423, "js": 0.3937807086107053, "frontier_integral": 0.5482994417452595, "forward": 2.2620923931123533, "backward": 2.038174664288196, "mauve_scores": [0.7564754285181745, 0.7583104678308683, 0.7621968362019347, 0.7566755129257263, 0.7591355908145077], "forward_scores": [2.307012725172131, 2.258000227253791, 2.1856865852745146, 2.30197705234074, 2.257785375520589], "backward_scores": [2.037123444720704, 2.0132078837630236, 2.0732735242076252, 2.0393557393512745, 2.0279127293983543], "js_scores": [0.3962067520198074, 0.39424249202239564, 0.389625364319666, 0.39578635072439683, 0.39304258396726044]}