{"mauve": 0.728798835172874, "js": 0.4274213262786583, "frontier_integral": 0.596703136121729, "forward": 2.4747352243149208, "backward": 2.2957295162918747, "mauve_scores": [0.7271880104263945, 0.7230029558998152, 0.7273680329199157, 0.7357679832462871, 0.730667193371958], "forward_scores": [2.4416946651950475, 2.548291581514797, 2.4365280652571566, 2.4756517843923667, 2.471510025215236], "backward_scores": [2.2942572817008826, 2.418047925301943, 2.363501266221429, 2.1830522375087247, 2.219788870726394], "js_scores": [0.4297931373872519, 0.43316487291198746, 0.4289520079001478, 0.4194454309547017, 0.42575118223920283]}