{"mauve": 0.7515828749037287, "js": 0.4014892473701135, "frontier_integral": 0.5596647291297773, "forward": 2.254496761761973, "backward": 2.1917393541960637, "mauve_scores": [0.7474772420955845, 0.7528745967433033, 0.7442476932698119, 0.7641399845778128, 0.7491748578321309], "forward_scores": [2.328655070952268, 2.274024006133466, 2.230698943462755, 2.1683551500098295, 2.2707506382515485], "backward_scores": [2.2279683962103407, 2.1097748950507955, 2.3316741175776046, 2.040853700367807, 2.2484256617737732], "js_scores": [0.40562750996864144, 0.4003608789323425, 0.41008209482765323, 0.3875052799809114, 0.4038704731410188]}