{"mauve": 0.7511720482258646, "js": 0.40216274533180957, "frontier_integral": 0.5603412531453168, "forward": 2.272992805624252, "backward": 2.155745390976899, "mauve_scores": [0.7424636343174461, 0.7544613967829459, 0.7595982875090524, 0.7494864591392618, 0.7498504633806162], "forward_scores": [2.4076404517136845, 2.2263436355341155, 2.128923869173721, 2.2678390854447135, 2.3342169862550253], "backward_scores": [2.1274053522288563, 2.1020566263170313, 2.2539535543342435, 2.2262318564510135, 2.069079565553349], "js_scores": [0.41221766201161725, 0.39870740509575087, 0.3922917076340685, 0.40371392911279946, 0.4038830228048117]}