{"mauve": 0.6535343853063089, "js": 0.5144864666028188, "frontier_integral": 0.7210705988189514, "forward": 2.9576094670746684, "backward": 2.968634409615506, "mauve_scores": [0.6542355431551348, 0.6522511437792909, 0.657123138475792, 0.6525458093169582, 0.6515162918043682], "forward_scores": [2.9409684222242642, 2.9368313921964813, 2.8863124536363745, 3.0287317957115727, 2.9952032716046473], "backward_scores": [2.960097477932653, 3.043285593202559, 2.9370452651029963, 2.918572388162766, 2.9841713236765557], "js_scores": [0.5137969105569806, 0.515752436256553, 0.5105769690613295, 0.5156081288703245, 0.5166978882689066]}