{"mauve": 0.7520099160100485, "js": 0.4006274046516746, "frontier_integral": 0.5588897095419681, "forward": 2.2903543435695513, "backward": 2.1901478742798632, "mauve_scores": [0.750850722998089, 0.7479704851237452, 0.7591388923901817, 0.7577017784287009, 0.7443877011095257], "forward_scores": [2.2999232253268356, 2.313795103508271, 2.2372820585398614, 2.236940533851306, 2.3638307966214827], "backward_scores": [2.2006151454924354, 2.224796801244046, 2.0948687921387084, 2.1981130206004176, 2.2323456119237086], "js_scores": [0.4019699850371663, 0.40540660405466566, 0.3926785436205339, 0.39377520420761597, 0.40930668633839157]}