{"mauve": 0.753790824702301, "js": 0.3989365609451526, "frontier_integral": 0.5559953384922924, "forward": 2.2915812674339473, "backward": 2.125721573259412, "mauve_scores": [0.7497285841148351, 0.7558095503555889, 0.7630678721643329, 0.7529617962937053, 0.7473863205830429], "forward_scores": [2.3485757032307744, 2.2596763656527163, 2.2059089381846895, 2.306212644116718, 2.3375326859848387], "backward_scores": [2.1295394318174177, 2.0881351991344785, 2.0390803293979674, 2.070431108441881, 2.3014217975053173], "js_scores": [0.4034573270841866, 0.39684091150968426, 0.3886433853507901, 0.40015957989323436, 0.4055816008878676]}