{"mauve": 0.7366225934549, "js": 0.4184923533928962, "frontier_integral": 0.5839318660499594, "forward": 2.426117847522771, "backward": 2.236857397547377, "mauve_scores": [0.7332658978023834, 0.7423380706754839, 0.7398581450995037, 0.7331617869636511, 0.7344890667334778], "forward_scores": [2.4037302462212615, 2.3629099524988812, 2.440763222516277, 2.4940857173531192, 2.429100099024316], "backward_scores": [2.445981419904753, 2.191163606912234, 2.112727592833788, 2.1663315265753735, 2.268082841510737], "js_scores": [0.4214701042856404, 0.4123376108117691, 0.41511702946352513, 0.42278547609039485, 0.4207515463131516]}