{"mauve": 0.7521985082021112, "js": 0.40068085914341145, "frontier_integral": 0.5585712054632962, "forward": 2.3233611801755805, "backward": 2.1109209297595743, "mauve_scores": [0.7514985062032543, 0.7563052091696858, 0.7513949644775342, 0.7483332497503423, 0.7534606114097395], "forward_scores": [2.317212632984599, 2.332393822680013, 2.2919493056871643, 2.3932088025890046, 2.282041336937124], "backward_scores": [2.0983925523203224, 2.052253362729081, 2.124707484316064, 2.158034382260054, 2.12121686717235], "js_scores": [0.40173749803772163, 0.3959084352574487, 0.401869710880968, 0.4044946418730182, 0.39939400966790073]}