{"mauve": 0.6539066823143767, "js": 0.5135738060088588, "frontier_integral": 0.7204144527226252, "forward": 2.9401011429601196, "backward": 3.037850463701342, "mauve_scores": [0.6537363894243048, 0.6553090694161621, 0.6536372302241293, 0.6603191598044803, 0.6465315627028068], "forward_scores": [2.969747460943144, 2.9081467439206956, 2.926308909061606, 2.9618219430348507, 2.934480657840303], "backward_scores": [2.985695266568062, 3.0868140238787762, 3.0094541722724917, 2.8871480830193885, 3.220140772767992], "js_scores": [0.5137799661399813, 0.5117788406242891, 0.5143065075024817, 0.5061347350851967, 0.5218689806923449]}