{"mauve": 0.7487195344313774, "js": 0.40471417080542366, "frontier_integral": 0.5642414455690213, "forward": 2.3466364600701106, "backward": 2.133922839681907, "mauve_scores": [0.7497194739969676, 0.7483843900678311, 0.7528190357137292, 0.7478768770192081, 0.7447978953591508], "forward_scores": [2.3105656327794755, 2.326314182946606, 2.300513898450424, 2.3748695543266476, 2.420919031847401], "backward_scores": [2.2545675296887726, 2.1317532890176656, 2.0372801735803976, 2.0892328319046447, 2.156780374218053], "js_scores": [0.40292201630362406, 0.4052987031787107, 0.400668399536803, 0.40593339348087165, 0.4087483415271089]}