{"mauve": 0.7315360334331503, "js": 0.42429091523241125, "frontier_integral": 0.5922866331801612, "forward": 2.4125938571051506, "backward": 2.3206688622890392, "mauve_scores": [0.7317983912219652, 0.7287434503010839, 0.7295116725842068, 0.734553671933855, 0.7330729811246399], "forward_scores": [2.3597296485958363, 2.4336704153419397, 2.4196647594836933, 2.430133454953836, 2.4197710071504486], "backward_scores": [2.380326399180747, 2.3121662177653417, 2.378974732484585, 2.2452897453907967, 2.2865872166237278], "js_scores": [0.4239190426448345, 0.4277942867450243, 0.4264047295778107, 0.42089163296229315, 0.42244488423209375]}