{"mauve": 0.750186627401608, "js": 0.40330580268782407, "frontier_integral": 0.5619319670884636, "forward": 2.2915655745479317, "backward": 2.1602979763308054, "mauve_scores": [0.7423099417764472, 0.7560120185015065, 0.7472567729526723, 0.758912421209765, 0.7464419825676496], "forward_scores": [2.339974818896919, 2.271164903128922, 2.297805343495148, 2.258114791708578, 2.2907680155100905], "backward_scores": [2.2558975183632737, 2.059257629295435, 2.1936251114889815, 2.047942642423591, 2.2447669800827468], "js_scores": [0.4122460100291344, 0.3967249013329788, 0.40663019551320234, 0.39345964831089, 0.40746825825291466]}