{"mauve": 0.7500696851797157, "js": 0.40305732622314017, "frontier_integral": 0.5620645478482047, "forward": 2.2919566044837394, "backward": 2.205856386277695, "mauve_scores": [0.749635413008278, 0.7449751238395939, 0.7518198101916227, 0.7509638028067122, 0.7529542760523725], "forward_scores": [2.233105195942416, 2.3624819390760488, 2.271123931934001, 2.348944616224306, 2.2441273392419245], "backward_scores": [2.3805115142709043, 2.327121431121604, 2.1377594968677465, 2.079462500122618, 2.104426989005601], "js_scores": [0.40312749683475135, 0.4080821279655693, 0.4013390842124577, 0.4022156720374917, 0.40052225006543085]}