{"mauve": 0.7382153790620654, "js": 0.41735462051128885, "frontier_integral": 0.5814524478057532, "forward": 2.376032999830927, "backward": 2.193552638571317, "mauve_scores": [0.7358652275240316, 0.7292383512870836, 0.7439425995308864, 0.7445161868517733, 0.7375145301165525], "forward_scores": [2.363388251494524, 2.52574907511447, 2.2833394703268177, 2.2933836855087364, 2.4143045167100867], "backward_scores": [2.2372618624007785, 2.236625227221199, 2.1582437194462063, 2.1479035453299495, 2.1877288384584523], "js_scores": [0.4201554455295409, 0.4269763548865364, 0.4112765926464733, 0.41055071434588614, 0.4178139951480073]}