{"mauve": 0.750749310415098, "js": 0.4020340703784089, "frontier_integral": 0.560940165978754, "forward": 2.298035809413594, "backward": 2.205290071602514, "mauve_scores": [0.7455441972330933, 0.7568558324579894, 0.7576982577721035, 0.747308245547974, 0.7463400190643297], "forward_scores": [2.3787397687337513, 2.2398460447743576, 2.2224185468587683, 2.2958127045417025, 2.353361982159392], "backward_scores": [2.154948458965344, 2.1903194960031716, 2.100362676208959, 2.257785475586103, 2.3230342512489925], "js_scores": [0.40824149919881514, 0.39492220180806664, 0.3945843570768962, 0.40587552650064607, 0.4065467673076203]}