{"mauve": 0.757025757295133, "js": 0.3955469377596562, "frontier_integral": 0.5508275824293922, "forward": 2.226446387154623, "backward": 2.1157311327506214, "mauve_scores": [0.7549861880254181, 0.7534667057041102, 0.7637952074962601, 0.7594128499400966, 0.7534678353097797], "forward_scores": [2.21114449311278, 2.227695966762644, 2.1857702272939554, 2.255896876857316, 2.2517243717464206], "backward_scores": [2.129003909627619, 2.212383886519124, 2.0071107885971404, 2.0640195866966753, 2.166137492312549], "js_scores": [0.39805399453052315, 0.39954265647804255, 0.3881843674661578, 0.3925906280851259, 0.39936304223843183]}