{"mauve": 0.7411063120538142, "js": 0.41408169093624264, "frontier_integral": 0.5767732152299592, "forward": 2.348284713229737, "backward": 2.1718454444430746, "mauve_scores": [0.7404458111806205, 0.738799471927094, 0.7436791903851846, 0.7428285996290206, 0.7397784871471516], "forward_scores": [2.365889984524366, 2.380209832322365, 2.3072922398407685, 2.308377693117343, 2.379653816343843], "backward_scores": [2.137797055046426, 2.1755486647628586, 2.1930002000057423, 2.194169971859032, 2.158711330541314], "js_scores": [0.41502319611231087, 0.41676897925430667, 0.41085689651018925, 0.41215135490384314, 0.4156080279005634]}