{"mauve": 0.7376093443197477, "js": 0.41726165718416164, "frontier_integral": 0.5823720769346548, "forward": 2.3783142778455844, "backward": 2.2754498909581677, "mauve_scores": [0.7400302540315551, 0.7375483475750568, 0.7361989297495, 0.7423545383225834, 0.7319146519200435], "forward_scores": [2.3796528572413465, 2.3342719564983, 2.3879704099880468, 2.3788715150212725, 2.410804650478956], "backward_scores": [2.2206377890602287, 2.408492753293943, 2.256429242110205, 2.2185713059555066, 2.273118364370955], "js_scores": [0.4146238687240921, 0.41666537689105454, 0.4191832249772392, 0.4116128653043079, 0.4242229500241145]}