{"mauve": 0.7055692678519032, "js": 0.45390585159842683, "frontier_integral": 0.634693270414252, "forward": 2.5857256675483375, "backward": 2.5643174414826735, "mauve_scores": [0.7023783124010481, 0.7172051771862873, 0.7004649267938625, 0.7056452844373942, 0.7021526384409238], "forward_scores": [2.555126025770654, 2.546961610403113, 2.532474394967526, 2.6478658130695756, 2.646200493530818], "backward_scores": [2.688388966056997, 2.3709483819838653, 2.737295587503825, 2.4628717794954627, 2.5620824923732157], "js_scores": [0.4572866171336065, 0.4409898713658338, 0.4595920932958033, 0.4538774646153205, 0.45778321158157015]}