{"mauve": 0.7571546372153379, "js": 0.395250323657797, "frontier_integral": 0.5506161891519576, "forward": 2.218886562382951, "backward": 2.1461300594739874, "mauve_scores": [0.7589572990152975, 0.753917820627712, 0.7630751299292116, 0.7490350062280466, 0.760787930276422], "forward_scores": [2.2128658257686555, 2.272762707407033, 2.08703892850012, 2.344083254972869, 2.177682095266076], "backward_scores": [2.109695257314757, 2.1166719631930793, 2.2806651782801635, 2.1411956206925904, 2.082422277889349], "js_scores": [0.3932890201216258, 0.3989896382399565, 0.3882539452474223, 0.40420724860470597, 0.39151176607527455]}