{"mauve": 0.7367696714969406, "js": 0.4182813099650143, "frontier_integral": 0.5837150502636174, "forward": 2.419694070628423, "backward": 2.240131207035046, "mauve_scores": [0.7405121605172655, 0.7350315284765709, 0.7301657889217823, 0.7425811018856672, 0.7355577776834167], "forward_scores": [2.410345458403357, 2.4343067852233857, 2.478924284053214, 2.3817340962516336, 2.3931597292105247], "backward_scores": [2.1889857554282908, 2.2385827965785228, 2.29511733512674, 2.1818062348843275, 2.2961639131573492], "js_scores": [0.4138579485313544, 0.42018963334819726, 0.4256025082193171, 0.4118176142544401, 0.4199388454717624]}