{"mauve": 0.7474961412178632, "js": 0.4060770855270067, "frontier_integral": 0.5662649607622937, "forward": 2.321684098118596, "backward": 2.195681897582715, "mauve_scores": [0.7426492461539623, 0.7403988695576738, 0.7552312172562377, 0.7576302361645372, 0.7415711369569054], "forward_scores": [2.357121402099316, 2.3668864423118836, 2.288569503856031, 2.2264632494620145, 2.369379892863735], "backward_scores": [2.17605041668708, 2.2971634774976075, 2.1214146517561314, 2.1219190932455474, 2.2618618487272077], "js_scores": [0.4119756968731099, 0.41399344088813983, 0.397060031545285, 0.3946868323604529, 0.412669425968046]}