{"mauve": 0.6639248877858897, "js": 0.5019783074895311, "frontier_integral": 0.7036074464556539, "forward": 2.8391510616483844, "backward": 2.9700165422403044, "mauve_scores": [0.6639014352794462, 0.6646088438581479, 0.6698407724635574, 0.6581102009142955, 0.6631631864140013], "forward_scores": [2.80408344746587, 2.840079156631298, 2.7771927466442676, 2.9484341231955806, 2.8259658343049057], "backward_scores": [2.975858864606087, 2.9631747142320344, 2.9217239696539465, 2.9941876052287033, 2.9951375574807515], "js_scores": [0.5021951617486335, 0.5011619143073242, 0.49520904310748853, 0.508483646841861, 0.5028417714423479]}