{"mauve": 0.6545418099325537, "js": 0.5133313808664921, "frontier_integral": 0.7193710914453136, "forward": 2.924001398534327, "backward": 2.9926586291678765, "mauve_scores": [0.6553494024367554, 0.6543550444194581, 0.657450112952101, 0.6540952268288004, 0.6514592630256532], "forward_scores": [2.884954858692481, 2.923984641286904, 2.8673367450874294, 3.006765761186947, 2.9369649864178755], "backward_scores": [3.043190980944461, 2.99808037951694, 2.98398290130879, 2.9015147736072207, 3.036524110461972], "js_scores": [0.5122811164144729, 0.5134403418731863, 0.5100615700473252, 0.5139346859287955, 0.5169391900686807]}