{"mauve": 0.7473302829730019, "js": 0.40614104627301806, "frontier_integral": 0.5664446948486088, "forward": 2.3662149822329317, "backward": 2.150731414313999, "mauve_scores": [0.7414867657712856, 0.7454658313136857, 0.7463951807596071, 0.7496371017543415, 0.7536665352660894], "forward_scores": [2.4079595892708627, 2.3704910752031534, 2.3991965905479464, 2.42853372278213, 2.2248939333605646], "backward_scores": [2.252917140522456, 2.2037710252618377, 2.082463653476735, 2.0482508452182504, 2.166254407090715], "js_scores": [0.4124990056133315, 0.40804975225234286, 0.4074017509445468, 0.4032201107040736, 0.39953461185079553]}