{"mauve": 0.6527927100047385, "js": 0.5153469175093174, "frontier_integral": 0.7223137881468812, "forward": 2.943786201040603, "backward": 2.9913409798106954, "mauve_scores": [0.6525061377925183, 0.651434325808999, 0.6529453653937622, 0.6540312345669159, 0.6530464864614971], "forward_scores": [2.9547616294553904, 3.0289438389177312, 2.9423015601225404, 2.833624197914114, 2.959299778793237], "backward_scores": [3.0011291809308744, 2.9611037891432948, 2.971662279202381, 3.0558830535087176, 2.9669265962682103], "js_scores": [0.515577096658463, 0.51670662855465, 0.5152082609260242, 0.5140758724159924, 0.5151667289914577]}