{"mauve": 0.7373918645762432, "js": 0.41726591102711585, "frontier_integral": 0.582723163118329, "forward": 2.3450139068997067, "backward": 2.346916607743311, "mauve_scores": [0.7389091281826037, 0.734939998960089, 0.7337673307767738, 0.741601972722858, 0.7377408922388914], "forward_scores": [2.259713269362357, 2.386723949347204, 2.3596876972685243, 2.375815396760893, 2.3431292217595545], "backward_scores": [2.3939005206725845, 2.347475436624096, 2.4019674579315446, 2.209956560574636, 2.381283062913693], "js_scores": [0.415833423861647, 0.41995970408473693, 0.42117971937151133, 0.4125892745737356, 0.4167674332439485]}