{"mauve": 0.7142582645410794, "js": 0.44368120638636543, "frontier_integral": 0.6204488607659056, "forward": 2.521584156526518, "backward": 2.526169292284492, "mauve_scores": [0.7075050788603321, 0.7163052627199638, 0.712804501809473, 0.7134580706492692, 0.7212184086663589], "forward_scores": [2.5906250339062833, 2.4785409648019434, 2.5523563197070622, 2.531301603958432, 2.4550968602588665], "backward_scores": [2.7322720044097895, 2.498092990521398, 2.464221333665698, 2.4652756427385354, 2.470984490087041], "js_scores": [0.450166341740399, 0.4415613722323003, 0.44581209227392693, 0.4451876300383482, 0.43567859564685263]}