{"mauve": 0.7504382275218708, "js": 0.4026312283876129, "frontier_integral": 0.5614193816430467, "forward": 2.3221298653627995, "backward": 2.1622719083618183, "mauve_scores": [0.7516906310597946, 0.7525774793737192, 0.7445734873823594, 0.7556041930412405, 0.7477453467522409], "forward_scores": [2.2836649792418755, 2.3395474109903085, 2.3673589432394806, 2.3077655486835864, 2.3123124446587453], "backward_scores": [2.2201194769617976, 2.078041722782829, 2.202260804361804, 2.0545283760061044, 2.2564091616965567], "js_scores": [0.4009044146179104, 0.40041748374234826, 0.4092975330053722, 0.39702479348910047, 0.40551191708333323]}