{"mauve": 0.6585199058820029, "js": 0.5087002443750134, "frontier_integral": 0.7126855808818788, "forward": 2.8721373231299574, "backward": 2.968255942604205, "mauve_scores": [0.6579954017470101, 0.6580295422258492, 0.6631073142496322, 0.6557319714889587, 0.6577352996985644], "forward_scores": [2.8148812880923857, 2.966069092408745, 2.763796304168285, 2.9615203928581355, 2.854419538122234], "backward_scores": [3.0637985734736803, 2.876342385800509, 2.9712178159466522, 2.9390410445782016, 2.9908798932219813], "js_scores": [0.5093124716700514, 0.5092497835008929, 0.5034519856269029, 0.5117948357008282, 0.5096921453763913]}