{"mauve": 0.7483907394675056, "js": 0.4049101284301713, "frontier_integral": 0.5647486103060343, "forward": 2.343807989372486, "backward": 2.177704418347135, "mauve_scores": [0.7523373662417854, 0.7461221319426332, 0.7476443116757603, 0.750425485388549, 0.7454244020888005], "forward_scores": [2.320004620048706, 2.3627067148895486, 2.295942659953363, 2.37386152788628, 2.366524424084534], "backward_scores": [2.1421922904101116, 2.2468213986437884, 2.200194750847775, 2.1459068584231122, 2.1534067934108876], "js_scores": [0.4004024715394241, 0.40720047069961685, 0.40607356776913545, 0.4023745028592102, 0.40849962928347006]}