{"mauve": 0.7546115094641956, "js": 0.3982410522485539, "frontier_integral": 0.5546945347976797, "forward": 2.277253783974191, "backward": 2.0888329241870993, "mauve_scores": [0.7441886049109423, 0.7592877795517254, 0.7596717825118795, 0.7511641692296884, 0.758745211116743], "forward_scores": [2.2945089267079033, 2.2272525620770627, 2.2208903684548718, 2.373113096292372, 2.2705039663387447], "backward_scores": [2.316959011287687, 2.0691953741597775, 1.988587099648655, 2.0979733477530753, 1.9714497880862998], "js_scores": [0.409798853483502, 0.39295378496637134, 0.39305229954903054, 0.40146386850645194, 0.3939364547374135]}