{"mauve": 0.6547398892711191, "js": 0.5131533221742318, "frontier_integral": 0.7190494205077141, "forward": 2.9206485623327323, "backward": 2.965733244374243, "mauve_scores": [0.6518384746335033, 0.6554276352607193, 0.6549167318452057, 0.6569390930831382, 0.6545775115330292], "forward_scores": [2.9880475918492113, 2.8863257106937925, 2.846514392022482, 2.9785405170813406, 2.903814600016835], "backward_scores": [2.932811714653712, 2.959412516173113, 3.0200025654636677, 2.9005891985343504, 3.015850227046369], "js_scores": [0.5166347800200667, 0.5125377692918889, 0.5130692078798222, 0.5103344900954856, 0.5131903635838959]}