{"mauve": 0.734947512817081, "js": 0.42052534743592906, "frontier_integral": 0.5866829687146143, "forward": 2.431048248325657, "backward": 2.2297158469207856, "mauve_scores": [0.7307577903258395, 0.7323112163385548, 0.7315086170495805, 0.7408078828304347, 0.7393520575409959], "forward_scores": [2.476198112452349, 2.4504657529921654, 2.368922519745111, 2.4754259447788294, 2.384228911659832], "backward_scores": [2.2591993424554646, 2.2484429969713533, 2.3075968510287144, 2.1123150525551373, 2.2210249915932576], "js_scores": [0.4251919854927718, 0.42353002952902963, 0.4247143505029768, 0.4136786576641516, 0.4155117139907154]}