{"mauve": 0.7373257243491014, "js": 0.41789628071011065, "frontier_integral": 0.5828194013375462, "forward": 2.4206842241709894, "backward": 2.2092445634769255, "mauve_scores": [0.7349785887228137, 0.7388180618647031, 0.7479294138790986, 0.7354149598233104, 0.7294875974555811], "forward_scores": [2.4345853655085294, 2.437259905165064, 2.274875526545327, 2.4702344347801715, 2.486465888855853], "backward_scores": [2.165752390619187, 2.2249261820232795, 2.145400090904368, 2.2104260964597424, 2.299718057378051], "js_scores": [0.4211085475891123, 0.4158140441548446, 0.4062183082677729, 0.4197692633390766, 0.42657124019974674]}