{"mauve": 0.7458733642258261, "js": 0.40786338844286985, "frontier_integral": 0.5688166728644013, "forward": 2.3898726521081386, "backward": 2.131791339739667, "mauve_scores": [0.7447022350037206, 0.7400328523249057, 0.7558885503976207, 0.7425283408232115, 0.7462148425796715], "forward_scores": [2.4703039170917513, 2.4648141368688345, 2.241551883527247, 2.4014881328921933, 2.3712051901606648], "backward_scores": [2.0795746003133275, 2.2205709525282984, 2.043457464862229, 2.1637486887658337, 2.151604992228646], "js_scores": [0.4089769051505522, 0.4139233896702577, 0.397233071767533, 0.4117318640728068, 0.4074517115531995]}