{"mauve": 0.6680269210046985, "js": 0.49738739652067177, "frontier_integral": 0.6966103028755015, "forward": 2.644063531873053, "backward": 3.084088395676378, "mauve_scores": [0.6644222445480447, 0.6662065205125061, 0.6696360603214593, 0.6692819770368532, 0.6705878026046295], "forward_scores": [2.731085606376753, 2.6179765761265976, 2.6039913428236536, 2.5853998886020104, 2.6818642454362496], "backward_scores": [3.0408741827097194, 3.114055372830125, 3.0861829154836227, 3.127654658871212, 3.051674848487211], "js_scores": [0.5016793513556321, 0.49966998945497987, 0.4956186132768594, 0.4958935811581275, 0.49407544735775955]}