{"mauve": 0.7015047974637303, "js": 0.4595317812196926, "frontier_integral": 0.6413966808270898, "forward": 2.409050083674643, "backward": 2.699563914952823, "mauve_scores": [0.6950857426336124, 0.6981939694325534, 0.7066528981638539, 0.7048643076706007, 0.7027270694180312], "forward_scores": [2.477895035375918, 2.4618789516808506, 2.3115797933170414, 2.3818770333393813, 2.412019604660024], "backward_scores": [2.685799943931504, 2.6989544786405295, 2.773853340111596, 2.715911415985207, 2.6233003960952783], "js_scores": [0.46718202229330236, 0.4634164116819332, 0.45319463774193397, 0.455385404303964, 0.45848043007732947]}