{"mauve": 0.6920382441691619, "js": 0.47033856901151383, "frontier_integral": 0.6570095884732133, "forward": 2.526234233348995, "backward": 2.7402834035769414, "mauve_scores": [0.6888383131413157, 0.6890064882984506, 0.698791289556022, 0.6912672512688165, 0.692287878581205], "forward_scores": [2.562421154012913, 2.5210586351140267, 2.4983578196172105, 2.5499005307562954, 2.49943302724453], "backward_scores": [2.7042422868515037, 2.7952881794886335, 2.6825317383316687, 2.69322629377339, 2.8261285194395103], "js_scores": [0.4744066630167584, 0.4737390622754757, 0.462404646293734, 0.4714099207918059, 0.4697325526797952]}