{"mauve": 0.6812131650200512, "js": 0.4823655239644589, "frontier_integral": 0.674731946907161, "forward": 2.545867821572278, "backward": 2.9463904112524824, "mauve_scores": [0.6773606766789775, 0.6827608638014854, 0.6851658449722524, 0.6827351276861773, 0.6780433119613636], "forward_scores": [2.644733896058155, 2.5606592300721793, 2.507265115524746, 2.4716910656032196, 2.544989800603092], "backward_scores": [2.9117766379438086, 2.8869299226394363, 2.8933456217147993, 2.940020550109886, 3.0998793238544797], "js_scores": [0.48678298587208735, 0.48076084439554545, 0.47800443246321395, 0.48086653706242866, 0.48541282002901925]}