{"mauve": 0.6987196735095244, "js": 0.46234041208863125, "frontier_integral": 0.6459535239950304, "forward": 2.466504154304218, "backward": 2.7385446327836545, "mauve_scores": [0.7008257997941247, 0.7029977564316638, 0.6952401398714061, 0.6984797909675601, 0.6960548804828668], "forward_scores": [2.4803306896731385, 2.468850029627663, 2.4243130965155353, 2.48285819758829, 2.4761687581164606], "backward_scores": [2.755720100244767, 2.607966200303952, 2.83464913305041, 2.705661614624026, 2.7887261156951175], "js_scores": [0.4595815816568083, 0.45775754717958905, 0.4663306153402165, 0.46270656445537944, 0.4653257518111629]}