{"mauve": 0.7016684739809709, "js": 0.45904008782948785, "frontier_integral": 0.6411143004340045, "forward": 2.4470716147831806, "backward": 2.7153862253737002, "mauve_scores": [0.6980559807264894, 0.6974293365218693, 0.7005667053575285, 0.7063926821644998, 0.7058976651344678], "forward_scores": [2.427968935807549, 2.4577943801838082, 2.4550098002816747, 2.3708691439261367, 2.5237158137167324], "backward_scores": [2.802768502730705, 2.692476369486518, 2.9036516079402848, 2.688276076225506, 2.4897585704854888], "js_scores": [0.4630530099453176, 0.46444594540846684, 0.4594510284343854, 0.45375584189168877, 0.4544946134675808]}