{"mauve": 0.6948940706655746, "js": 0.4667235373324451, "frontier_integral": 0.6522056397071835, "forward": 2.460261664403764, "backward": 2.8235290363355525, "mauve_scores": [0.6863116843980819, 0.7032287696561577, 0.7039186752716375, 0.6857669968083644, 0.6952442271936311], "forward_scores": [2.556593610097536, 2.360957477893538, 2.3890119882573746, 2.55932030655817, 2.4354249392122016], "backward_scores": [2.901433553676742, 2.756635810897325, 2.7421132413274982, 2.8522394988108544, 2.865223076965341], "js_scores": [0.47629238382329864, 0.45745598279354494, 0.4563632445496698, 0.4773069917152736, 0.4661990837804385]}