{"mauve": 0.6735252605793798, "js": 0.49104492900313784, "frontier_integral": 0.6875726605717957, "forward": 2.684421833180042, "backward": 2.949614242411374, "mauve_scores": [0.6776131265858333, 0.6742720457528384, 0.6754965046333277, 0.6723933651989382, 0.6678512607259613], "forward_scores": [2.6411025323178543, 2.696939723616842, 2.6479196643096032, 2.6436079603089926, 2.792539285346918], "backward_scores": [2.9618321037719726, 2.9015815289446376, 2.96026072015274, 2.9550823677415794, 2.9693144914459424], "js_scores": [0.4861875132669029, 0.49026725119721104, 0.48865034796211204, 0.4927537853026141, 0.49736574728684935]}