{"mauve": 0.7016693766925777, "js": 0.4593613076788591, "frontier_integral": 0.6411355524976774, "forward": 2.427304699942886, "backward": 2.698140900070705, "mauve_scores": [0.700038286951564, 0.7027964646305955, 0.7042419161582674, 0.7023025706913711, 0.6989676450310907], "forward_scores": [2.434127521189799, 2.4190606771804886, 2.3578399008369737, 2.4889266151849214, 2.4365687853222453], "backward_scores": [2.707972693542242, 2.588130037846729, 2.705790183548223, 2.5858045010514354, 2.903007084364896], "js_scores": [0.4612224851794207, 0.45869219561081986, 0.45644275502866194, 0.4587466685034121, 0.4617024340719812]}