{"mauve": 0.6950142224854942, "js": 0.46672195527441945, "frontier_integral": 0.6521057814833469, "forward": 2.5522308564434106, "backward": 2.6866324717959764, "mauve_scores": [0.696754275279776, 0.6931984229592065, 0.6970556928479699, 0.6950249917475269, 0.6930377295929919], "forward_scores": [2.5567904040570886, 2.6184037943907685, 2.5104543168799234, 2.547038661440725, 2.528467105448549], "backward_scores": [2.6581269135209884, 2.6776385007941617, 2.6372380947816114, 2.6895940210524123, 2.770564828830708], "js_scores": [0.4647152865667734, 0.4686779442756817, 0.4648428372244796, 0.4666307803672606, 0.4687429279379022]}