{"mauve": 0.7039545458320985, "js": 0.4563613941319519, "frontier_integral": 0.6373613000145921, "forward": 2.4330988833090497, "backward": 2.687770529347147, "mauve_scores": [0.7054297559654981, 0.7037079839123352, 0.7030913306057349, 0.7044639761948692, 0.7030796824820547], "forward_scores": [2.4075311433269717, 2.4493724522950666, 2.5019709574492244, 2.409818138458036, 2.3968017250159512], "backward_scores": [2.6881685071056687, 2.64984592037091, 2.7074618549464695, 2.6372333652147395, 2.756142999097944], "js_scores": [0.4548272469117849, 0.45668362760373815, 0.45689761882785673, 0.45622723375927143, 0.45717124355710864]}