{"mauve": 0.664119114567038, "js": 0.5020796583613119, "frontier_integral": 0.7032657214090821, "forward": 2.7664300032041016, "backward": 3.008015485612856, "mauve_scores": [0.669395438381828, 0.6582694054706287, 0.6605721885720907, 0.6630184801186116, 0.669340060292031], "forward_scores": [2.6913120507539547, 2.883634356204567, 2.7188544118807303, 2.8406884587697645, 2.6976607384114906], "backward_scores": [2.9519546777128114, 3.027700824883747, 3.1130160371398454, 2.953592407205447, 2.9938134811224297], "js_scores": [0.49631879984967364, 0.5085106061136664, 0.5062520856204216, 0.5033898964386829, 0.49592690378411447]}