{"mauve": 0.6976576623870556, "js": 0.4639228149608, "frontier_integral": 0.6477205951996096, "forward": 2.488479142057731, "backward": 2.6958273513351907, "mauve_scores": [0.6952192617191508, 0.6987800326973357, 0.7024441809875208, 0.7002938721275942, 0.6915509644036765], "forward_scores": [2.5119234893587192, 2.3879348071874036, 2.533771325251326, 2.5486078434078645, 2.4601582450833397], "backward_scores": [2.6877922744052247, 2.8783360137016487, 2.555526371576261, 2.5424818290520426, 2.815000267940774], "js_scores": [0.46692269592088664, 0.4621598747388185, 0.45846692431634317, 0.4612965358436549, 0.4707680439842969]}