{"mauve": 0.7016609221825153, "js": 0.45907010681291743, "frontier_integral": 0.6411386298703853, "forward": 2.446336365905934, "backward": 2.70667331322871, "mauve_scores": [0.7025613545672034, 0.7012812107787119, 0.6963888436811216, 0.6966192593508532, 0.711453942534686], "forward_scores": [2.397705889361429, 2.427910840849195, 2.5212697264772035, 2.5220608707713152, 2.362734502070527], "backward_scores": [2.6838433518125635, 2.778947461710735, 2.7254243064508583, 2.657390391834382, 2.6877610543350117], "js_scores": [0.4583744047949644, 0.45905128428708025, 0.4651346943616424, 0.4650608381007178, 0.44772931252018244]}