{"mauve": 0.6916286122264766, "js": 0.4704585498443511, "frontier_integral": 0.6576705224641994, "forward": 2.583234759075361, "backward": 2.721872132821658, "mauve_scores": [0.6909899538286213, 0.6962051728276405, 0.6909793485920737, 0.6883202282955997, 0.6916483575884478], "forward_scores": [2.538282678197309, 2.5744859898734433, 2.562188882719746, 2.6248503568573542, 2.61636588772895], "backward_scores": [2.7810947986810235, 2.630254253870734, 2.824779535104405, 2.7265528572963444, 2.6466792191557817], "js_scores": [0.4712050698359146, 0.465502261033215, 0.4706646145115798, 0.4742566813156224, 0.47066412252542367]}