{"mauve": 0.6953434559799734, "js": 0.46606770143375503, "frontier_integral": 0.6514950954250601, "forward": 2.512561699383012, "backward": 2.7601823725117294, "mauve_scores": [0.6903971324232769, 0.6985040010402475, 0.7006435628318773, 0.6905827732571248, 0.6965898103473399], "forward_scores": [2.5695146787196794, 2.485457470103302, 2.406673405875834, 2.6058940644022974, 2.495268877813947], "backward_scores": [2.6914066240821066, 2.709356132434109, 2.8473928200756258, 2.7393148791613013, 2.813441406805503], "js_scores": [0.4723735149391676, 0.46264552047269697, 0.4595550832838461, 0.47149814112148025, 0.46426624735158434]}