{"mauve": 0.698970491742077, "js": 0.461833229017936, "frontier_integral": 0.6455090278707095, "forward": 2.5066011398273096, "backward": 2.7441399124092642, "mauve_scores": [0.6914140777469383, 0.7027352371130791, 0.7004816757764116, 0.6959331583509203, 0.7042883097230357], "forward_scores": [2.611257588113297, 2.3416914814057823, 2.520398281365815, 2.577224388207003, 2.4824339600446517], "backward_scores": [2.6907550661732076, 2.8595000215252226, 2.729933928592724, 2.8157546513943488, 2.624755894360818], "js_scores": [0.4708736609809168, 0.4573792915567677, 0.46011447369298875, 0.46490171693836885, 0.45589700192063787]}