{"mauve": 0.7049722974105291, "js": 0.4554229785656411, "frontier_integral": 0.6356977242461641, "forward": 2.396788606490412, "backward": 2.674868219228615, "mauve_scores": [0.7058717351818546, 0.7079473028322099, 0.7066984096097588, 0.7003132155939653, 0.7040308238348573], "forward_scores": [2.4003592063179973, 2.3907855613309907, 2.2968266791616436, 2.4954920681113757, 2.400479517530054], "backward_scores": [2.666484527119177, 2.6281384597712263, 2.6908177392277444, 2.6305876532948886, 2.758312716730039], "js_scores": [0.45448874127484196, 0.45201987692302315, 0.4538627715677125, 0.4607779996992676, 0.4559655033633606]}