{"mauve": 0.6798222260511736, "js": 0.48368838422611155, "frontier_integral": 0.6771191164250626, "forward": 2.696481336944219, "backward": 2.855313860691334, "mauve_scores": [0.6816748522232303, 0.6794654609351967, 0.6801876263758428, 0.6781142811354646, 0.6796689095861335], "forward_scores": [2.713482624999515, 2.5694197429510504, 2.671039856971884, 2.747522811940522, 2.7809416478581235], "backward_scores": [2.7191167408954535, 3.0126462037840795, 2.8217650278468676, 2.8752737619359734, 2.8477675689942967], "js_scores": [0.48210060298983515, 0.4838140307016249, 0.48361460289230884, 0.485545004199498, 0.48336768034729094]}