{"mauve": 0.6946334692305979, "js": 0.4668222068740725, "frontier_integral": 0.6526815210687577, "forward": 2.5477627994767547, "backward": 2.7550088286640886, "mauve_scores": [0.694927750259826, 0.7033382104873366, 0.6920779561082567, 0.6966510001391031, 0.6861724291584671], "forward_scores": [2.5522318854634802, 2.4625522871034327, 2.617750283526865, 2.4875938227997354, 2.618685718490259], "backward_scores": [2.7618577190953273, 2.6071654324313975, 2.7088378982528725, 2.7696664317578006, 2.9275166617830446], "js_scores": [0.46619969963340613, 0.45753865206768374, 0.46984233606105474, 0.46444944303576347, 0.4760809035724545]}