{"mauve": 0.6958286781274305, "js": 0.4656100272389539, "frontier_integral": 0.6507299990647695, "forward": 2.5219340688757756, "backward": 2.735828521639027, "mauve_scores": [0.6941443131865594, 0.7001737012021378, 0.6890919650976404, 0.6965230112855829, 0.6992103998652315], "forward_scores": [2.540162137994417, 2.482944173849248, 2.6507107162219077, 2.483939419591379, 2.4519138967219276], "backward_scores": [2.799096128386106, 2.6489927828901694, 2.7636408913090054, 2.750804802658748, 2.7166080029511037], "js_scores": [0.4672857117185717, 0.4608222790219948, 0.4732044477935087, 0.4647574806495065, 0.46198021701118763]}