{"mauve": 0.7051353636586901, "js": 0.45503728467721893, "frontier_integral": 0.6353757941263696, "forward": 2.3798868500129347, "backward": 2.7423394033086423, "mauve_scores": [0.7120680219956735, 0.7086533501302908, 0.7030041654112333, 0.7064455682624698, 0.6955057124937827], "forward_scores": [2.358845661969357, 2.365958344503649, 2.3610134243555203, 2.38991889031519, 2.4236979289209577], "backward_scores": [2.645426880917169, 2.7924124788478237, 2.8550643398250464, 2.648017512772605, 2.7707758041805666], "js_scores": [0.4469319421892596, 0.4504728602928916, 0.457023148145213, 0.4540832975553252, 0.4666751752034054]}