{"mauve": 0.6945757960849569, "js": 0.4670520735588054, "frontier_integral": 0.6527692493205288, "forward": 2.5133745788640005, "backward": 2.7862976078607695, "mauve_scores": [0.6996052331876839, 0.6840629830958225, 0.6925804251069658, 0.7011704142508137, 0.6954599247834994], "forward_scores": [2.48264753742144, 2.5769139914953603, 2.4975070862720585, 2.4827406210496568, 2.527063658081488], "backward_scores": [2.6601956278986894, 2.9469588289750503, 2.854781224084808, 2.7216368185742748, 2.7479155397710233], "js_scores": [0.4616576453302682, 0.4790832516833728, 0.46920877932382055, 0.4594088942845759, 0.4659017971719893]}