{"mauve": 0.7037231181786969, "js": 0.4565549663580237, "frontier_integral": 0.6377575539934245, "forward": 2.4795225618245587, "backward": 2.665185849175632, "mauve_scores": [0.7071877374564589, 0.6972601509088441, 0.7075450009098092, 0.7025996231670653, 0.7040230784513073], "forward_scores": [2.4131280165089817, 2.5292353143504602, 2.4668471007453165, 2.434600535444662, 2.553801842073375], "backward_scores": [2.6596119952236843, 2.8040088141207797, 2.5668753253818726, 2.6793275675382056, 2.6161055436136182], "js_scores": [0.4525896770386482, 0.4634203468067489, 0.4525012871970058, 0.4582055801868387, 0.4560579405608771]}