{"mauve": 0.6682671366400964, "js": 0.49716017211311236, "frontier_integral": 0.6962972812409394, "forward": 2.6990521884952243, "backward": 3.0195657592926093, "mauve_scores": [0.6669986339727396, 0.6661575768062555, 0.6633408935842922, 0.6761087840064515, 0.6687297948307435], "forward_scores": [2.7381990794995787, 2.7445279238002978, 2.767045690537169, 2.528796406002244, 2.716691842636834], "backward_scores": [3.001398343907498, 2.9873391815123584, 3.034353468754563, 3.058106237646394, 3.0166315646422333], "js_scores": [0.49862458169428037, 0.49976164866282846, 0.5029046502051059, 0.48797252873956853, 0.49653745126377835]}