{"mauve": 0.6486903732062002, "js": 0.5196156445265497, "frontier_integral": 0.7291383982243319, "forward": 2.9030501575100613, "backward": 3.19484304352356, "mauve_scores": [0.6492277684138459, 0.6478585525910664, 0.650683480424881, 0.6482126689834717, 0.6474693956177356], "forward_scores": [2.9319914993586926, 2.982160988120169, 2.806265220286321, 2.8625994301437068, 2.9322336496414185], "backward_scores": [3.1320930519654797, 3.1411528895022163, 3.2543551576980683, 3.231503349372681, 3.2151107690793554], "js_scores": [0.5190759455894256, 0.5203607332462201, 0.5173644812361897, 0.5203204998774682, 0.5209565626834451]}