{"mauve": 0.7005794880923194, "js": 0.46032493085316684, "frontier_integral": 0.6429309200822362, "forward": 2.481274909758482, "backward": 2.6847562158962512, "mauve_scores": [0.7013090538677373, 0.703865481181409, 0.6960741576919234, 0.7024232055043805, 0.6992255422161463], "forward_scores": [2.461322641242267, 2.451641720481459, 2.531991942173185, 2.5062937768172167, 2.4551244680782824], "backward_scores": [2.627303010570548, 2.5819563699195376, 2.8238968862547034, 2.5816178353425268, 2.809006977393941], "js_scores": [0.4597838627800861, 0.4571128863865702, 0.4649336474722412, 0.4584547060879097, 0.4613395515390269]}