{"mauve": 0.6951251876342568, "js": 0.466164107615489, "frontier_integral": 0.6518884282451354, "forward": 2.573199336748025, "backward": 2.710668078859187, "mauve_scores": [0.6875334525818939, 0.6980268309509637, 0.6961323314351948, 0.69755227229759, 0.6963810509056414], "forward_scores": [2.588495485986156, 2.5539326329694054, 2.535756389263732, 2.616256796149051, 2.57155537937178], "backward_scores": [2.848338444159542, 2.684233029014071, 2.6722297464312748, 2.666090450157668, 2.6824487245333763], "js_scores": [0.47480748367077663, 0.4628032949663934, 0.46529372469925945, 0.46325192486029976, 0.46466410988071566]}