{"mauve": 0.6968428305399499, "js": 0.46429934088502245, "frontier_integral": 0.6490026633392371, "forward": 2.496666652885731, "backward": 2.791171905812353, "mauve_scores": [0.6921328481717653, 0.6934532806883205, 0.7042528130204366, 0.6959942585547851, 0.6983809522644415], "forward_scores": [2.548493249477714, 2.498332591418025, 2.425690954371586, 2.565302559224525, 2.445513909936806], "backward_scores": [2.88341908885551, 2.9379890457424596, 2.727171948555178, 2.612345997510886, 2.7949334483977326], "js_scores": [0.46929334726187294, 0.4680438754276739, 0.4556195894906573, 0.46599125394135454, 0.4625486383035536]}