{"mauve": 0.6933735397449363, "js": 0.46839447471104945, "frontier_integral": 0.6547299309663603, "forward": 2.504221992575318, "backward": 2.815096610168494, "mauve_scores": [0.6987922175903969, 0.6969374925233438, 0.6930293923190163, 0.6943023362861278, 0.6838062600057971], "forward_scores": [2.4411707086392704, 2.557273288444993, 2.466953290265667, 2.472918734624715, 2.582793940901944], "backward_scores": [2.6941755831648777, 2.674589145196206, 2.839845215631072, 2.8658137800383323, 3.0010593268119816], "js_scores": [0.4626807523623999, 0.46440305203673093, 0.46887183679935507, 0.4672920047441695, 0.4787247276125921]}