{"mauve": 0.6967235546592228, "js": 0.4642804833442227, "frontier_integral": 0.6491905772381317, "forward": 2.510987682797789, "backward": 2.774476991654989, "mauve_scores": [0.697548082264726, 0.697853708245681, 0.6967076668331976, 0.6926955237042531, 0.6988127922482562], "forward_scores": [2.4838161796984037, 2.559562711720276, 2.4446854747273234, 2.509827085543103, 2.55704696229984], "backward_scores": [2.7908207992232485, 2.6472172375609957, 2.916435696238747, 2.820593130652023, 2.697318094599932], "js_scores": [0.4635152473926951, 0.4633788826056098, 0.4638198414298035, 0.468897530303868, 0.46179091498913705]}