{"mauve": 0.7031025535443798, "js": 0.45733430165279926, "frontier_integral": 0.6387295070847467, "forward": 2.4050490590814184, "backward": 2.7355680438197196, "mauve_scores": [0.7010808817870644, 0.7060147396447963, 0.7061336675530818, 0.7058702941502125, 0.6964131845867442], "forward_scores": [2.3946838052910806, 2.4170214022220198, 2.3868970589820906, 2.381992706455976, 2.4446503224559257], "backward_scores": [2.8422307929327704, 2.5977979803288718, 2.7072209094034547, 2.71160234247158, 2.8189881939619212], "js_scores": [0.45942393237290496, 0.45461896698348303, 0.4536945021980424, 0.4541628953231921, 0.4647712113863738]}