{"mauve": 0.6988138345580823, "js": 0.46227365246200786, "frontier_integral": 0.6457955889806922, "forward": 2.467949511035539, "backward": 2.731431512269195, "mauve_scores": [0.6980543661676473, 0.6994926123036543, 0.6966655284106773, 0.6967779024840407, 0.7030787634243918], "forward_scores": [2.4528113801878244, 2.467858162936111, 2.424335825967056, 2.446863645118543, 2.5478785409681595], "backward_scores": [2.695908327634061, 2.7073587336799525, 2.8839565420508646, 2.74478803064588, 2.625145927335217], "js_scores": [0.46357056348466774, 0.4615279329323113, 0.46426369456490546, 0.4649453902519727, 0.45706068107618225]}