{"mauve": 0.7168438459701358, "js": 0.442047701724918, "frontier_integral": 0.6161956527205782, "forward": 2.2381359182107152, "backward": 2.6250626211359966, "mauve_scores": [0.7095422951595235, 0.7241616540950091, 0.7194709081035804, 0.7122431669364273, 0.7188012055561384], "forward_scores": [2.2839600166987957, 2.2315170864372647, 2.241384316556761, 2.2128019276869058, 2.2210162436738496], "backward_scores": [2.7198778195333904, 2.4328073154509746, 2.6466560180694865, 2.723034340035299, 2.6029376125908343], "js_scores": [0.4500615806879785, 0.4344835707576238, 0.43846267193820543, 0.44735513686272493, 0.439875548378057]}