{"mauve": 0.6891065829405354, "js": 0.4729455921194301, "frontier_integral": 0.661774967804713, "forward": 2.6091919017794667, "backward": 2.8078492450034838, "mauve_scores": [0.6916933488276289, 0.6860525523533587, 0.6866819716738258, 0.6826422567863033, 0.6984627850615606], "forward_scores": [2.5814658071035184, 2.7063389920775416, 2.5987324254429205, 2.6079474860013585, 2.5514747982719927], "backward_scores": [2.8276996423516736, 2.752350359511666, 2.8416219660514277, 2.9318504884626644, 2.6857237686399866], "js_scores": [0.46982171556558794, 0.4764180665795309, 0.47580332776462086, 0.4803625050598624, 0.4623223456275486]}