{"mauve": 0.7019689791185426, "js": 0.45876368852563554, "frontier_integral": 0.6406416984043033, "forward": 2.450531721226854, "backward": 2.6923259714176524, "mauve_scores": [0.6981563131617836, 0.7102800426400948, 0.7058411084128822, 0.6948525830659098, 0.7007148483120427], "forward_scores": [2.4816833321519667, 2.419175792433625, 2.4623387637543956, 2.4660812319289556, 2.423379485865327], "backward_scores": [2.754261355251477, 2.559315105210269, 2.6180150020238027, 2.774802851237129, 2.7552355433655826], "js_scores": [0.4630031336256449, 0.4494880665253628, 0.45420350828670575, 0.4670268704547823, 0.4600968637356815]}