{"mauve": 0.6872738552732623, "js": 0.4753736103452667, "frontier_integral": 0.6648451817113046, "forward": 2.643087817067841, "backward": 2.7664458145131774, "mauve_scores": [0.6955651457584868, 0.6871821620498824, 0.6815884421129119, 0.6847111820244305, 0.6873223444206], "forward_scores": [2.5833588395155145, 2.627222053421838, 2.7639738386502013, 2.6548905182120746, 2.585993835539575], "backward_scores": [2.6676940470370747, 2.7743767913275263, 2.772150839856532, 2.718687473277129, 2.8993199210676255], "js_scores": [0.46607549611526394, 0.47558971050397414, 0.4814822446629979, 0.4788703666442815, 0.474850233799816]}