{"mauve": 0.7002270215099609, "js": 0.4606300386564275, "frontier_integral": 0.6434730248367168, "forward": 2.447768323540174, "backward": 2.7245138484452522, "mauve_scores": [0.7019904715515521, 0.7031625870138535, 0.6994049982367813, 0.6983744288250282, 0.6982026219225892], "forward_scores": [2.439457008949127, 2.4749459159464813, 2.4158242117609636, 2.4500493054689834, 2.4585651755753166], "backward_scores": [2.671639472763235, 2.606932487747281, 2.8213497016000257, 2.777584891653956, 2.7450626884617635], "js_scores": [0.4587363612702789, 0.45748643306911696, 0.4612319463287641, 0.4627403307588672, 0.46295512185511045]}