{"mauve": 0.920667378653451, "js": 0.1888570583019157, "frontier_integral": 0.2637219555582276, "mauve_scores": [0.9244480402632087, 0.9275569483071129, 0.902600981124863, 0.9279422352291871, 0.9207886883428836], "js_scores": [0.18435797519031033, 0.1785885634038386, 0.21243177999765994, 0.1792002284172919, 0.1897067445004778]}