{"mauve": 0.9327240312254161, "js": 0.17025825945074552, "frontier_integral": 0.23832946080895376, "mauve_scores": [0.923181901505459, 0.9361302955749926, 0.9382930105298171, 0.9283909890018104, 0.937623959515002], "js_scores": [0.1847934408194929, 0.16578507428337522, 0.16221567292149197, 0.1754528665565792, 0.16304424267278828]}