{"mauve": 0.9422628822899627, "js": 0.1576847403930634, "frontier_integral": 0.21926342146691988, "mauve_scores": [0.9502873296010765, 0.9430840323958365, 0.9412338902128834, 0.9372842071160148, 0.9394249521240022], "js_scores": [0.14481822523733084, 0.15574006620515746, 0.15990780951899924, 0.16417024773105343, 0.1637873532727761]}