{"mauve": 0.9210123080417801, "js": 0.1880423940816338, "frontier_integral": 0.26310016775336986, "mauve_scores": [0.9147671883673811, 0.9256883006196428, 0.9111838292111993, 0.9290090084547749, 0.9244132135559027], "js_scores": [0.19859587160003805, 0.18016129833338707, 0.2002570286496318, 0.17585704890553897, 0.18534072291957315]}