{"mauve": 0.9380822814009507, "js": 0.16421659457051277, "frontier_integral": 0.2284366179306648, "mauve_scores": [0.9322702563823615, 0.9465350355589062, 0.9329724976282052, 0.9325767899815918, 0.9460568274536885], "js_scores": [0.17308924201230969, 0.1519591372324413, 0.17087909545215973, 0.17199677813781566, 0.1531587200178374]}