{"mauve": 0.942720586810253, "js": 0.15615779532590124, "frontier_integral": 0.21728298795717477, "mauve_scores": [0.9415215364931449, 0.9364813806579331, 0.9255560713381545, 0.9504956801179023, 0.9595482654441299], "js_scores": [0.15812699478841424, 0.16519728286879734, 0.18271191229593275, 0.1453190451376948, 0.129433741538667]}