{"mauve": 0.9362968690841766, "js": 0.1658995125813862, "frontier_integral": 0.2312869334659584, "mauve_scores": [0.9325368574521162, 0.9462333051432543, 0.9272609694094467, 0.9353729335793861, 0.9400802798366803], "js_scores": [0.17101436723607594, 0.14940155928955257, 0.1809418098585191, 0.16813539596269045, 0.1600044305600928]}