{"mauve": 0.9287384972456223, "js": 0.17616534679524148, "frontier_integral": 0.2468937009157101, "mauve_scores": [0.9247357370319822, 0.9388843061875096, 0.933468649526501, 0.9259067599883671, 0.9206970334937514], "js_scores": [0.1815955190888784, 0.1598513483975127, 0.17003608255461383, 0.18197049836165322, 0.18737328557354918]}