{"mauve": 0.5473770396176698, "js": 0.6333554435826063, "frontier_integral": 0.9078852309659317, "mauve_scores": [0.5491860909395824, 0.5456985268849648, 0.5543008845787616, 0.5428964422310274, 0.5448032534540127], "js_scores": [0.6314366969256282, 0.6355293294476552, 0.6249840095959105, 0.638642179196558, 0.6361850027472796]}