{"mauve": 0.9268814657681357, "js": 0.17895078724455243, "frontier_integral": 0.25063847225947267, "mauve_scores": [0.939808207991693, 0.9207931793319329, 0.9214327931888544, 0.9240718144479811, 0.928301333880217], "js_scores": [0.1608525725331608, 0.18589747477992172, 0.18703763542326773, 0.1834992317814329, 0.1774670217049791]}