{"mauve": 0.9339378069461098, "js": 0.1693108193807499, "frontier_integral": 0.23687534805067528, "mauve_scores": [0.9317422707027307, 0.9359602660668501, 0.9278522777379665, 0.9348809464885471, 0.9392532737344548], "js_scores": [0.17185049163114205, 0.1661222572317725, 0.1790128510122515, 0.1683253444371425, 0.161243152591441]}