{"mauve": 0.9314250891350611, "js": 0.17284828251320933, "frontier_integral": 0.2416284341929106, "mauve_scores": [0.9208564595916677, 0.9427893143555455, 0.9305654164175956, 0.9285868281845167, 0.9343274271259796], "js_scores": [0.18661388843340823, 0.1580599424664899, 0.1727183486435485, 0.17868120781574925, 0.1681680252068508]}