{"mauve": 0.6012671179665812, "js": 0.566724092360303, "frontier_integral": 0.8095055594064806, "mauve_scores": [0.605346796556773, 0.6089564832534702, 0.5961645944995224, 0.598670079595901, 0.5971976359272391], "js_scores": [0.562243305859876, 0.5576506323864489, 0.5723677781553326, 0.5699287166691196, 0.5714300287307377]}