{"mauve": 0.9398392416332101, "js": 0.16029506729728693, "frontier_integral": 0.2234168062059613, "mauve_scores": [0.9317146637662538, 0.9523498115991103, 0.9257670722223641, 0.9345677597565392, 0.9547969008217836], "js_scores": [0.17271920357847304, 0.14283431878257533, 0.18016218778224996, 0.1682493389571209, 0.1375102873860154]}