{"mauve": 0.9300779914052741, "js": 0.17630334148412802, "frontier_integral": 0.2456030986969635, "mauve_scores": [0.924679985821349, 0.9321197679915021, 0.9356340137862197, 0.9260481514121259, 0.9319080380151741], "js_scores": [0.18379790880493885, 0.17245422025093327, 0.16992870967922255, 0.18048121593060032, 0.1748546527549451]}