{"mauve": 0.8243305762823219, "js": 0.3099737671275883, "frontier_integral": 0.4366403741020636, "mauve_scores": [0.8153725312175502, 0.8160888722120949, 0.8228969180618271, 0.8298390287762333, 0.8374555311439039], "js_scores": [0.32035101158670387, 0.3199235022839623, 0.3111855553510431, 0.30226258059287037, 0.29614618582336194]}