{"mauve": 0.6325049300760354, "js": 0.5305247123893986, "frontier_integral": 0.7550899202853438, "mauve_scores": [0.6280976717138655, 0.6347191119748812, 0.6364380028416178, 0.6167351102591405, 0.6465347535906717], "js_scores": [0.5356914211791872, 0.5285695048680716, 0.5249930952131294, 0.5498686049042905, 0.5135009357823141]}