{"mauve": 0.5596613657284631, "js": 0.618301645303585, "frontier_integral": 0.8849843683408783, "mauve_scores": [0.5717654152730767, 0.5528291009399988, 0.5573305716096437, 0.5548410603275399, 0.5615406804920569], "js_scores": [0.6042725865251135, 0.6266032470583462, 0.6213168309351946, 0.6238309325461769, 0.6154846294530935]}