{"mauve": 0.856565740235039, "js": 0.2736206653016566, "frontier_integral": 0.3828384316095456, "mauve_scores": [0.8538151745100523, 0.8363646670701876, 0.8514186692926664, 0.8739412584909749, 0.8672889318113134], "js_scores": [0.2762064284513332, 0.29695787479434443, 0.27869216218984394, 0.25385743036829206, 0.26238943070446913]}