{"mauve": 0.929716725270351, "js": 0.17410562533079504, "frontier_integral": 0.24408063152106582, "mauve_scores": [0.9299548204625733, 0.9379428000472263, 0.9282668497374309, 0.924013902466682, 0.928405253637842], "js_scores": [0.17482453929832376, 0.1635007834244787, 0.17633505416280973, 0.18081975630378735, 0.17504799346457564]}