{"mauve": 0.9038702931233276, "js": 0.21327044159712744, "frontier_integral": 0.29750070660613315, "mauve_scores": [0.9053150417544524, 0.9027973048139433, 0.8960275301239813, 0.8994990303810707, 0.9157125585431902], "js_scores": [0.2119155218521945, 0.21536069123295737, 0.22389748604992152, 0.21712728898092298, 0.1980512198696407]}