{"mauve": 0.9280461625271155, "js": 0.17905937778574382, "frontier_integral": 0.24957537425690335, "mauve_scores": [0.9151409967395607, 0.9351505807623026, 0.9272139950147807, 0.9256778240271961, 0.9370474160917375], "js_scores": [0.19560490588688118, 0.16902482806490546, 0.1804551595185735, 0.18313245034419073, 0.16707954511416825]}