{"mauve": 0.9387184578126178, "js": 0.1642033490697958, "frontier_integral": 0.2281779067300372, "mauve_scores": [0.940911744484639, 0.9389056933167838, 0.935381175386958, 0.9349237160993139, 0.9434699597753944], "js_scores": [0.1612981752968774, 0.16210434323771675, 0.1698496424753936, 0.17042723245070052, 0.15733735188829093]}