{"mauve": 0.9165756291480344, "js": 0.19597664322960884, "frontier_integral": 0.27304465178901993, "mauve_scores": [0.9234785688615921, 0.9022629228184446, 0.9238223877896323, 0.9229038006471414, 0.9104104656233621], "js_scores": [0.1863020858087704, 0.2147700737400598, 0.18699486580565022, 0.18755438057071389, 0.20426181022284998]}