{"mauve": 0.6707370188140717, "js": 0.4858352335362577, "frontier_integral": 0.6898979801195841, "mauve_scores": [0.6650831450481571, 0.6772477745606704, 0.6703540854269103, 0.6733720132540292, 0.6676280757805911], "js_scores": [0.4928741898087098, 0.478576844612735, 0.4863618042432788, 0.48185461890225884, 0.4895087101143063]}