{"mauve": 0.5468903943159097, "js": 0.6335229467336085, "frontier_integral": 0.9087740550742687, "mauve_scores": [0.547590419902116, 0.5427567614089049, 0.5529909189430046, 0.5443376740282985, 0.5467761972972245], "js_scores": [0.6328906910808383, 0.6388562047463073, 0.626268133683861, 0.6366365635380069, 0.632963140619029]}