{"mauve": 0.9356062531499297, "js": 0.1654778993695085, "frontier_integral": 0.2317923915648294, "mauve_scores": [0.9370468895180137, 0.9400854568454636, 0.9282827587634461, 0.9327511977518245, 0.939864962870901], "js_scores": [0.16281457772951685, 0.15981976001281203, 0.1762907458383071, 0.16932929874868735, 0.15913511451821924]}