{"mauve": 0.9397294334207901, "js": 0.15993413156599484, "frontier_integral": 0.2233427677777442, "mauve_scores": [0.9195657665739709, 0.9328229546704674, 0.9597065491230466, 0.9388782263933753, 0.9476736703430906], "js_scores": [0.18804873531448846, 0.1719563210336873, 0.12916809300232343, 0.16270767418041995, 0.14778983429905512]}