{"mauve": 0.9020008071457403, "js": 0.21444140827530095, "frontier_integral": 0.30041599735533475, "mauve_scores": [0.9065553477869494, 0.8954972078939141, 0.8996139637025793, 0.9123310138504578, 0.896006502494801], "js_scores": [0.2086475329578829, 0.22337981117210534, 0.21749975921543707, 0.2015056632518566, 0.22117427477922286]}