{"mauve": 0.9365003391092893, "js": 0.16667707021334105, "frontier_integral": 0.23217187911737658, "mauve_scores": [0.9426162227633517, 0.9387504522076116, 0.9381942378615127, 0.9363214019282227, 0.9266193807857482], "js_scores": [0.1558592410925531, 0.1636702668897458, 0.16415574138906375, 0.167524864988928, 0.18217523670641456]}