{"mauve": 0.9272018896181375, "js": 0.18070363725309463, "frontier_integral": 0.2515811598379726, "mauve_scores": [0.928055346836017, 0.927770878255108, 0.9264588733470974, 0.920280434850639, 0.9334439148018261], "js_scores": [0.18059809152212386, 0.17975586805242777, 0.1808376300184718, 0.19009139943965314, 0.1722351972327964]}