{"mauve": 0.895165052576895, "js": 0.22332382452235988, "frontier_integral": 0.3127299153765826, "mauve_scores": [0.8890111475310256, 0.8926759954142258, 0.8871476473857118, 0.9063417240730369, 0.9006487484804757], "js_scores": [0.2322512555451723, 0.22392487244115006, 0.23410890993093422, 0.209384682830184, 0.21694940186435877]}