{"mauve": 0.5641702646170464, "js": 0.6122747946829389, "frontier_integral": 0.8766154406577578, "mauve_scores": [0.5672333634146985, 0.5576329482012176, 0.5643369630489556, 0.5594929840620586, 0.5721550643583018], "js_scores": [0.6083809322342517, 0.6200743938736282, 0.6121832110967012, 0.6179548938607407, 0.6027805423493724]}