{"mauve": 0.9351948344198318, "js": 0.1680181010417981, "frontier_integral": 0.2341962926879754, "mauve_scores": [0.9479183829239495, 0.9163702513207381, 0.947633715266442, 0.9284350010174156, 0.935616821570614], "js_scores": [0.14869817219055267, 0.1942897178936638, 0.14878128009669894, 0.17914418627977546, 0.1691771487482997]}