{"mauve": 0.9160184739485535, "js": 0.1943510525106733, "frontier_integral": 0.27232576940554365, "mauve_scores": [0.9048100975708189, 0.9184539404824987, 0.9212964897026913, 0.9160595869658958, 0.9194722550208628], "js_scores": [0.20916470646459007, 0.19181386272828016, 0.18725081881143224, 0.19409980338877025, 0.1894260711602938]}