{"mauve": 0.9131514397569198, "js": 0.1998323731519045, "frontier_integral": 0.2790046519352113, "mauve_scores": [0.9148150146584813, 0.9190481166057014, 0.9211031738193541, 0.905876358647109, 0.9049145350539531], "js_scores": [0.19853744123574207, 0.19155952741322435, 0.19096682001998416, 0.20813193363527488, 0.20996614345529707]}