{"mauve": 0.9157150707067444, "js": 0.1950806800331285, "frontier_integral": 0.27286137788434955, "mauve_scores": [0.9399995102220882, 0.9256397656956002, 0.8918616728275524, 0.9108098421587892, 0.910264562629692], "js_scores": [0.1616826370695707, 0.1812713580089096, 0.22698240460815808, 0.2013161379027293, 0.2041508625762749]}