{"mauve": 0.9290376822750733, "js": 0.17718486903387248, "frontier_integral": 0.24711229598521292, "mauve_scores": [0.926364992931052, 0.9324487840221939, 0.9255531370803699, 0.9318262657012535, 0.9289952316404977], "js_scores": [0.18236229789541175, 0.17252913488964558, 0.18213131713337566, 0.1726110443020817, 0.17629055094884763]}