{"mauve": 0.6564131351018926, "js": 0.5018441098628016, "frontier_integral": 0.7140223093962362, "mauve_scores": [0.6503946423990676, 0.6503522004080534, 0.661169705146609, 0.6628289204593265, 0.657320207096406], "js_scores": [0.508347710784291, 0.5082748621890909, 0.4970890492927937, 0.49461158594253235, 0.5008973411053003]}