{"mauve": 0.6368110384620692, "js": 0.5230400403124066, "frontier_integral": 0.7473290336226193, "mauve_scores": [0.6321655195038238, 0.6410232554915902, 0.6421506266352339, 0.6414206158572692, 0.6272951748224294], "js_scores": [0.5277022571463234, 0.5178573132805416, 0.5167554399767397, 0.5186823978290712, 0.5342027933293574]}