{"mauve": 0.6448543849495052, "js": 0.5151199876697069, "frontier_integral": 0.733504338102352, "mauve_scores": [0.6405842759520155, 0.6457878503979515, 0.6452587887739392, 0.6424929792727847, 0.6501480303508349], "js_scores": [0.5200258732957574, 0.5131030852984579, 0.5151774415119661, 0.5178932865223078, 0.5094002517200452]}