{"mauve": 0.6596761123020982, "js": 0.4981497727951136, "frontier_integral": 0.7084462909247284, "mauve_scores": [0.6606356884525622, 0.6512493368468762, 0.6591040519038648, 0.6630225645262257, 0.6643689197809625], "js_scores": [0.4965470811221795, 0.5076351901238643, 0.49869659974593955, 0.4946319119543183, 0.49323808102926625]}