{"mauve": 0.6337563687279425, "js": 0.5278434502093472, "frontier_integral": 0.752601188857544, "mauve_scores": [0.6275680362758509, 0.6336927240970136, 0.6430322894297618, 0.6353446248623731, 0.6291441689747129], "js_scores": [0.5351905442698319, 0.5276519449558077, 0.5165271448806812, 0.526338646271933, 0.533508970668482]}