{"mauve": 0.6460855113354104, "js": 0.5137540136740955, "frontier_integral": 0.7315189932875629, "mauve_scores": [0.6473426881085919, 0.647800572396632, 0.636427187469772, 0.650250722701641, 0.648606386000415], "js_scores": [0.51207488226958, 0.5108768078421223, 0.5245352828463923, 0.5094719151647455, 0.5118111802476376]}