{"mauve": 0.6513913532078544, "js": 0.5071039927962027, "frontier_integral": 0.7223546331044458, "mauve_scores": [0.6551214391661895, 0.6547695470376207, 0.6508245501894732, 0.6538774982642482, 0.6423637313817399], "js_scores": [0.5035335381900747, 0.5028345943105326, 0.5079773875695817, 0.5036202215792117, 0.5175542223316129]}