{"mauve": 0.6171362729031011, "js": 0.5463868523406813, "frontier_integral": 0.7815574876284519, "mauve_scores": [0.6171717661685014, 0.61329341962243, 0.6287959528751197, 0.5991281900789527, 0.6272920357705014], "js_scores": [0.546440812845308, 0.5502292657799761, 0.5328710790716189, 0.5678175320149045, 0.5345755719915988]}