{"mauve": 0.6347074571498666, "js": 0.5270008094804588, "frontier_integral": 0.7509951905860104, "mauve_scores": [0.6340389041494943, 0.629420997886589, 0.6335797887149263, 0.6419659663672643, 0.6345316286310589], "js_scores": [0.5275305659754435, 0.5331584971960524, 0.527574364179525, 0.5184996438896146, 0.5282409761616585]}