{"mauve": 0.6411122253909572, "js": 0.5196751732588487, "frontier_integral": 0.7400257990516965, "mauve_scores": [0.6357691051489881, 0.6485992713371681, 0.6432579186884866, 0.6327721224011927, 0.6451627093789507], "js_scores": [0.5257024159628737, 0.510417101069512, 0.5176731159919972, 0.5290844961462228, 0.5154987371236378]}