{"mauve": 0.5955999436552422, "js": 0.5726495885840965, "frontier_integral": 0.8194370496677248, "mauve_scores": [0.5948438314353189, 0.5886190186348096, 0.600682011270242, 0.6010046043154442, 0.5928502526203963], "js_scores": [0.5732781707775972, 0.5809265012731598, 0.5668165614581471, 0.5662046124105629, 0.5760220970010153]}