{"mauve": 0.6459291158892584, "js": 0.5133283184679618, "frontier_integral": 0.7316441435174591, "mauve_scores": [0.6440201851044933, 0.641622268539817, 0.64588529322971, 0.6448935965983658, 0.6532242359739056], "js_scores": [0.5157067855864979, 0.5190516130093892, 0.5126186308888765, 0.5143754986902045, 0.5048890641648407]}