{"mauve": 0.6434336730284426, "js": 0.5166135381812064, "frontier_integral": 0.7359393152904763, "mauve_scores": [0.6380039306739216, 0.6425718662241433, 0.6466861800934092, 0.6486817533325749, 0.641224634818164], "js_scores": [0.5229226508220163, 0.5169449640602678, 0.512977098410152, 0.5098828626420211, 0.5203401149715745]}