{"mauve": 0.5441616371239428, "js": 0.6358124612518189, "frontier_integral": 0.9139334981907437, "mauve_scores": [0.5405804903297623, 0.5459850531705083, 0.5519933211265252, 0.5442084588691729, 0.5380408621237454], "js_scores": [0.6406293765309746, 0.6335669899453734, 0.6260509827911376, 0.6351823085696423, 0.6436326484219663]}