{"mauve": 0.6532041384542323, "js": 0.505381721325546, "frontier_integral": 0.7194189388636497, "mauve_scores": [0.644160310197248, 0.6584250738848216, 0.6560842496602265, 0.6521926743726597, 0.6551583841562056], "js_scores": [0.5160305704994177, 0.49923598502247724, 0.5019637995596034, 0.5063784593758155, 0.5032997921704166]}