{"mauve": 0.5206052297042518, "js": 0.6660364569934359, "frontier_integral": 0.9591989615097128, "mauve_scores": [0.5207620034681077, 0.5172168053059021, 0.5201588821289485, 0.5204993781255048, 0.5243890794927961], "js_scores": [0.6658927759764226, 0.6702501532762603, 0.6667383040115633, 0.6662822984289367, 0.6610187532739968]}