{"mauve": 0.5131088433988041, "js": 0.6760265573058856, "frontier_integral": 0.9738916772479499, "mauve_scores": [0.515450011542544, 0.5120171774777453, 0.5145640898027753, 0.5145230610878324, 0.5089898770831235], "js_scores": [0.6728079665703373, 0.6775576275342041, 0.6744730864786597, 0.6741044952096036, 0.6811896107366227]}