{"mauve": 0.6579267272947839, "js": 0.5008299370667392, "frontier_integral": 0.7115322877666581, "mauve_scores": [0.6672603661943357, 0.6600419700875543, 0.6540360158101157, 0.6567970072699594, 0.6514982771119542], "js_scores": [0.4900063316449289, 0.49891538349632036, 0.5051064141407117, 0.5021810979017253, 0.5079404581500099]}