{"mauve": 0.6387751518216378, "js": 0.522359012278461, "frontier_integral": 0.7440113726402819, "mauve_scores": [0.6383385891740503, 0.6372288552261351, 0.6432331664106705, 0.6425111278297579, 0.632564020467575], "js_scores": [0.5228658096552394, 0.5232834285966519, 0.517414912053938, 0.5182315077440007, 0.5299994033424753]}