{"mauve": 0.6476108129644613, "js": 0.511182852974353, "frontier_integral": 0.7288132942579806, "mauve_scores": [0.6462492464209637, 0.6413735933980946, 0.654031808889874, 0.6540914877662785, 0.6423079283470956], "js_scores": [0.5116820525380678, 0.5188275652741925, 0.5040052969314384, 0.5043601862713303, 0.5170391638567355]}