{"mauve": 0.5795241928700048, "js": 0.5916307198304137, "frontier_integral": 0.8484391182053763, "mauve_scores": [0.5732949653418365, 0.5805749031544001, 0.5808433276087874, 0.5835626647274096, 0.57934510351759], "js_scores": [0.5990948932092062, 0.5903730860560994, 0.59028017917681, 0.5867733424792759, 0.5916320982306772]}