{"mauve": 0.6389376262826834, "js": 0.5218253276258178, "frontier_integral": 0.7437884835497647, "mauve_scores": [0.6345081323724622, 0.6317747051390572, 0.6481794691677807, 0.6434630113415629, 0.6367628133925537], "js_scores": [0.527462546372812, 0.5296422933172062, 0.5117449354389366, 0.516502268081158, 0.5237745949189757]}