{"mauve": 0.6457593550309751, "js": 0.5135544196845846, "frontier_integral": 0.7318975553857046, "mauve_scores": [0.6419157454226636, 0.6448904165111757, 0.6522574516521046, 0.6500855112268076, 0.6396476503421247], "js_scores": [0.5173996650378795, 0.5143275582924057, 0.5063810531541044, 0.508919115948907, 0.5207447059896265]}