{"mauve": 0.6442253264625201, "js": 0.515724921375603, "frontier_integral": 0.7345859924038849, "mauve_scores": [0.6362291148390278, 0.6468392712460935, 0.6462801675381723, 0.6495013284569096, 0.6422767502323976], "js_scores": [0.5244451972928879, 0.5129702583815665, 0.5137268347521913, 0.5099569296737729, 0.5175253867775964]}