{"mauve": 0.6622179869552276, "js": 0.49464969626732425, "frontier_integral": 0.7041180195141397, "mauve_scores": [0.6544184633009396, 0.6683146091521761, 0.6663945649818968, 0.6606804408211002, 0.6612818565200249], "js_scores": [0.5040916156912396, 0.4884574738397538, 0.4901515625265235, 0.49468038659254276, 0.49586744268656147]}