{"mauve": 0.6437179239431305, "js": 0.5161043510364245, "frontier_integral": 0.7354534537249492, "mauve_scores": [0.6491406800366621, 0.6378851747004055, 0.638351613643046, 0.6591201043596675, 0.6340920469758717], "js_scores": [0.5098604096668173, 0.5224493363121693, 0.5227873075819086, 0.49843105477919714, 0.5269936468420295]}