{"mauve": 0.6482335233578447, "js": 0.5114544289739575, "frontier_integral": 0.7279126963864375, "mauve_scores": [0.6536119412435382, 0.6429487568697195, 0.6459354157051083, 0.6506890407142507, 0.6479824622566059], "js_scores": [0.5055778606049055, 0.5177970171002118, 0.5134189873262573, 0.5084451281323621, 0.5120331517060512]}