{"mauve": 0.5198592428527133, "js": 0.6675021792660265, "frontier_integral": 0.960640945519259, "mauve_scores": [0.5230322933936836, 0.5224771460517039, 0.5207024255193078, 0.5214334025670812, 0.5116509467317902], "js_scores": [0.6631274604580419, 0.6642123173270106, 0.6665366746917187, 0.6656592619704078, 0.6779751818829531]}