{"mauve": 0.6597571614005158, "js": 0.49861212009019373, "frontier_integral": 0.7084239308736565, "mauve_scores": [0.6669992196619579, 0.6569154452754913, 0.6605696345169239, 0.6575146544506884, 0.6567868530975174], "js_scores": [0.4904232681282463, 0.5021246268899913, 0.49686287909274085, 0.5018399854353823, 0.5018098409046081]}