{"mauve": 0.6378879533797237, "js": 0.5221989707463864, "frontier_integral": 0.7453635085906762, "mauve_scores": [0.6301812414727354, 0.6393378998642327, 0.6330940571608313, 0.6472258457936022, 0.6396007226072165], "js_scores": [0.5313328891934501, 0.5208854445916276, 0.5278676654517419, 0.5106952199658948, 0.5202136345292179]}