{"mauve": 0.6423092113219234, "js": 0.5175076323314318, "frontier_integral": 0.7379754776752196, "mauve_scores": [0.6400381840351708, 0.6375673026811078, 0.6352480408793902, 0.6516567514250715, 0.6470357775888765], "js_scores": [0.5196751061199645, 0.5229368448043408, 0.5248273928955114, 0.5073546874676697, 0.5127441303696729]}