{"mauve": 0.6486163937089972, "js": 0.5108264211319546, "frontier_integral": 0.7272138804951774, "mauve_scores": [0.6491945563144572, 0.6476009626067918, 0.6475876519863267, 0.6513692831205611, 0.647329514516849], "js_scores": [0.5100288724209783, 0.5124970729177104, 0.5117612027507565, 0.5080483716886466, 0.511796585881682]}