{"mauve": 0.5256064616685047, "js": 0.6596576834971384, "frontier_integral": 0.949478025225724, "mauve_scores": [0.5180194099101063, 0.5250867102578441, 0.5294582147073096, 0.5308016247957221, 0.524666348671541], "js_scores": [0.6695592410880877, 0.6601358722176858, 0.6547718740524764, 0.6532623107573364, 0.6605591193701053]}