{"mauve": 0.5165731015090184, "js": 0.6714620142837233, "frontier_integral": 0.9670861764037755, "mauve_scores": [0.5118612701335341, 0.5169589404460069, 0.5149113729886109, 0.5206904697438666, 0.5184434542330733], "js_scores": [0.6772884098503176, 0.6709246392209466, 0.6735997256868345, 0.6663594103353561, 0.669137886325162]}