{"mauve": 0.653979569476453, "js": 0.5048193357039881, "frontier_integral": 0.7182500135485985, "mauve_scores": [0.6475440119716713, 0.6497430800464434, 0.6493002431475956, 0.6610284709890146, 0.6622820412275395], "js_scores": [0.5115519641855579, 0.5091292412804781, 0.5099839224203987, 0.4973903517988662, 0.49604119883463943]}