{"mauve": 0.6617649245727935, "js": 0.49550884969259024, "frontier_integral": 0.7049263181756225, "mauve_scores": [0.6667905277527404, 0.6702831023456155, 0.6620074362412662, 0.6495409583271212, 0.6602025981972237], "js_scores": [0.4897733736600987, 0.4856061346019791, 0.4959753255824137, 0.5092664467422465, 0.49692296787621304]}