{"mauve": 0.6512147669687399, "js": 0.5082468312010915, "frontier_integral": 0.7228898088459971, "mauve_scores": [0.6399118846647858, 0.6481159432734579, 0.6539236195923719, 0.6623021786742531, 0.6518202086388307], "js_scores": [0.5201349066587005, 0.5121080622808025, 0.5056998697021177, 0.4956351351009144, 0.5076561822629222]}