{"mauve": 0.6697468002971225, "js": 0.4867845333148619, "frontier_integral": 0.6916070388819555, "mauve_scores": [0.6718710835405217, 0.6649472069664729, 0.6684418010207773, 0.6771929415034961, 0.6662809684543444], "js_scores": [0.4844612582969253, 0.4925628366049564, 0.4881026691704282, 0.47853304181970824, 0.4902628606822912]}