{"mauve": 0.6634614604285272, "js": 0.49313482655188723, "frontier_integral": 0.7019491276932892, "mauve_scores": [0.6628777048840034, 0.6562040734508298, 0.660312132060903, 0.6651105154238629, 0.6728028763230365], "js_scores": [0.4945681006070187, 0.502039320365403, 0.495999191142432, 0.4912889733615312, 0.4817785472830512]}