{"mauve": 0.6682562121034843, "js": 0.4882269224217664, "frontier_integral": 0.6940627457420501, "mauve_scores": [0.6662144916270469, 0.6639518258772535, 0.6725587927716703, 0.6761569517582842, 0.6623989984831671], "js_scores": [0.49053409573247375, 0.4927371351523488, 0.4834124336252542, 0.47942714245543677, 0.4950238051433181]}