{"mauve": 0.917662570367197, "js": 0.19270424461542582, "frontier_integral": 0.26963996455997064, "mauve_scores": [0.9135754918865562, 0.9196318102523103, 0.9147027664867442, 0.9179791767697376, 0.9224236064406365], "js_scores": [0.1981282749820618, 0.18932060141652707, 0.19770139430615935, 0.19300501542002685, 0.1853659369523539]}