{"mauve": 0.928169853290161, "js": 0.1769483937376618, "frontier_integral": 0.24757886037026147, "mauve_scores": [0.9315345611362872, 0.921338889829467, 0.9317179849955618, 0.9293866427729872, 0.9268711877165009], "js_scores": [0.17153724496651462, 0.18639667367803223, 0.1717212918849108, 0.1750206620675156, 0.18006609609133573]}