{"mauve": 0.9292656607362652, "js": 0.17573484519177424, "frontier_integral": 0.2457715818576815, "mauve_scores": [0.9305672510031986, 0.932439322498599, 0.9234386237744273, 0.9300049301149862, 0.9298781762901146], "js_scores": [0.1734620467663839, 0.1705887458696579, 0.183435381474422, 0.17508686009624175, 0.1761011917521656]}