{"mauve": 0.5556005821077311, "js": 0.6224745550696674, "frontier_integral": 0.8925101610703241, "mauve_scores": [0.5573623079326229, 0.5672173863043445, 0.5487307218599385, 0.5495515490638203, 0.5551409453779296], "js_scores": [0.6207728001914028, 0.6078871640494359, 0.6305923472841357, 0.6299432229008635, 0.6231772409224996]}