{"mauve": 0.9200331765732775, "js": 0.1894670723212658, "frontier_integral": 0.26461246120916887, "mauve_scores": [0.9170483840004272, 0.9248472398549107, 0.9336499992375827, 0.9132715718240474, 0.9113486879494195], "js_scores": [0.1929612653491778, 0.1829678570018991, 0.1714932028849364, 0.1983670020508176, 0.20154603431949814]}