{"mauve": 0.9315106903855493, "js": 0.17330996843379776, "frontier_integral": 0.2419022281232782, "mauve_scores": [0.9270103577955446, 0.9345938813717747, 0.9351838480054526, 0.931379643441302, 0.9293857213136727], "js_scores": [0.1800029137777484, 0.16924756843334654, 0.16722032144848153, 0.17472218012222673, 0.17535685838718568]}