{"mauve": 0.9148101870176195, "js": 0.19694535412827446, "frontier_integral": 0.27538449327783054, "mauve_scores": [0.9078995389187018, 0.9160471045234, 0.920593184797475, 0.909412177594911, 0.9200989292536099], "js_scores": [0.20665806450279647, 0.1948548692840089, 0.19031341598232054, 0.2034532574377435, 0.18944716343450277]}