{"mauve": 0.8983509941283063, "js": 0.2197216733710028, "frontier_integral": 0.307419249462143, "mauve_scores": [0.8965853538919126, 0.8964226626232092, 0.8905344960969321, 0.9071170367720927, 0.9010954212573847], "js_scores": [0.22130657507919993, 0.2221055897323771, 0.23043288468431122, 0.20889954052544746, 0.21586377683367816]}