{"mauve": 0.9120505660628495, "js": 0.1999658208500405, "frontier_integral": 0.2799898087742087, "mauve_scores": [0.9211757248165426, 0.898086903144484, 0.9215750048095159, 0.9111612573096716, 0.9082539402340337], "js_scores": [0.18865354835380743, 0.2179453346627947, 0.1861610990063918, 0.2008724254649771, 0.20619669676223149]}