{"mauve": 0.9267444367577238, "js": 0.17960681123543187, "frontier_integral": 0.2513851927441088, "mauve_scores": [0.920269764190486, 0.922154272250284, 0.932939723026918, 0.9299466850988236, 0.928411739222107], "js_scores": [0.1881493215636254, 0.18639252408441204, 0.171279008731534, 0.17545205248914414, 0.17676114930844383]}