{"mauve": 0.9265197616636784, "js": 0.18099173080052114, "frontier_integral": 0.252528942147436, "mauve_scores": [0.9322552149882601, 0.924786856921447, 0.9200918106536347, 0.9175240903329382, 0.9379408354221124], "js_scores": [0.17298743301916966, 0.1838305941973706, 0.19066936049351357, 0.19392766985000995, 0.1635435964425418]}