{"mauve": 0.9290118644870808, "js": 0.17625591469867397, "frontier_integral": 0.2463078170150185, "mauve_scores": [0.9386083609152416, 0.9309076016549005, 0.9229791304470353, 0.9203192624894503, 0.9322449669287767], "js_scores": [0.16355695424123326, 0.17459289183721416, 0.1844643506088188, 0.18784791590263372, 0.1708174609034699]}