{"mauve": 0.8924868190375088, "js": 0.2277079244373887, "frontier_integral": 0.31832213199333886, "mauve_scores": [0.8968590650421134, 0.8906172721226608, 0.9063465811451119, 0.8725412838181235, 0.8960698930595344], "js_scores": [0.22274559110799508, 0.23114816798010598, 0.2077835324514385, 0.2527729147833756, 0.22408941586402845]}