{"mauve": 0.9164555922725814, "js": 0.1939995834264386, "frontier_integral": 0.2717204140597259, "mauve_scores": [0.9172506600201581, 0.916877892316938, 0.9266509371422453, 0.9115155865105388, 0.9099828853730267], "js_scores": [0.19355970992145377, 0.1929706696259741, 0.18012534897867555, 0.20028455051394312, 0.20305763809214655]}