{"mauve": 0.5352754281560962, "js": 0.6479823147496311, "frontier_integral": 0.9308331123727154, "mauve_scores": [0.5357153399672847, 0.5276288183830775, 0.5483130564495066, 0.5327872172985468, 0.5319327086820653], "js_scores": [0.6478398523491916, 0.6579370662605291, 0.6314518196960813, 0.651002344982372, 0.6516804904599814]}