{"mauve": 0.8969537412709648, "js": 0.22129300158470117, "frontier_integral": 0.30958847548064805, "mauve_scores": [0.9078335665465957, 0.9015973783299778, 0.8892188520420335, 0.8990162360307117, 0.887102673405505], "js_scores": [0.20483259709383783, 0.21667367513711955, 0.23065242865290037, 0.2185502351478122, 0.23575607189183598]}