{"mauve": 0.8413436045774766, "js": 0.28976761922094835, "frontier_integral": 0.4077924715161342, "mauve_scores": [0.8564922117759182, 0.8461133927737567, 0.84387622271576, 0.8218243157788985, 0.8384118798430502], "js_scores": [0.27163531574485067, 0.28350313102332814, 0.28639222403209763, 0.3140907141384884, 0.2932167111659768]}