{"mauve": 0.9385024039417116, "js": 0.1643741432583418, "frontier_integral": 0.2279808209149901, "mauve_scores": [0.9506880589579514, 0.928874558115946, 0.948695471147727, 0.9327676771215451, 0.9314862543653891], "js_scores": [0.14570616666746983, 0.17771868037657979, 0.14896060075880652, 0.17381108333781298, 0.17567418515103977]}