{"mauve": 0.9317834375251177, "js": 0.1731700846881679, "frontier_integral": 0.24158908179347066, "mauve_scores": [0.9366110073156444, 0.9385654366669999, 0.9314611373744273, 0.9224306684848027, 0.9298489377837146], "js_scores": [0.16682281936781093, 0.16237066943477063, 0.1741632663699454, 0.18580085015225134, 0.17669281811606133]}