{"mauve": 0.9123350438167485, "js": 0.1988589594227985, "frontier_integral": 0.27936116806843525, "mauve_scores": [0.9074280845357567, 0.9128043978457918, 0.9164023237720254, 0.9068476955509922, 0.9181927173791764], "js_scores": [0.20533573798623161, 0.1977663662573009, 0.19168184373149755, 0.20788867103390873, 0.19162217810505366]}