{"mauve": 0.9265159604091473, "js": 0.17905867509836954, "frontier_integral": 0.2511692127189788, "mauve_scores": [0.9362155252879305, 0.9261923651209913, 0.9306058685037598, 0.9283375491481066, 0.9112284939849477], "js_scores": [0.1664160909880938, 0.17885007720058413, 0.17327789045821207, 0.1760936373005861, 0.20065567954437158]}