{"mauve": 0.5435611025258927, "js": 0.637727572502574, "frontier_integral": 0.9150572089717693, "mauve_scores": [0.5462338868545092, 0.537278452121337, 0.5446177299967894, 0.5448917001536371, 0.5447837435031908], "js_scores": [0.6341128592323435, 0.6461544403924845, 0.6364398547895177, 0.636195645193987, 0.6357350629045372]}