{"mauve": 0.9241793102808351, "js": 0.1832666037505651, "frontier_integral": 0.25623916617873227, "mauve_scores": [0.9110767254180658, 0.9361414428986965, 0.9239498767715641, 0.9335170843511139, 0.9162114219647355], "js_scores": [0.20139816597012372, 0.16527143762589946, 0.18322990024309563, 0.17086192303631811, 0.19557159187738876]}