{"mauve": 0.9143175646925068, "js": 0.19699409041532978, "frontier_integral": 0.27585038548220486, "mauve_scores": [0.9134757569802049, 0.917440330460846, 0.9152091578512588, 0.9036845417174862, 0.9217780364527379], "js_scores": [0.19719957777942673, 0.19245877853378496, 0.1952055379588521, 0.21285346681778447, 0.1872530909868006]}