{"mauve": 0.7888558295581547, "js": 0.3512571004270405, "frontier_integral": 0.49536778312235086, "mauve_scores": [0.7870540056498821, 0.7881350869221349, 0.7908590177234174, 0.7846910286001839, 0.7935400088951547], "js_scores": [0.35214133705062733, 0.35285052605535383, 0.3496591043989914, 0.35551487983752483, 0.3461196547927047]}