{"mauve": 0.9330606831512964, "js": 0.1703827375852523, "frontier_integral": 0.2381541653821105, "mauve_scores": [0.929143767936461, 0.9315230116791128, 0.9273870569831227, 0.946287181743325, 0.9309623974144604], "js_scores": [0.1754197312050146, 0.17179799681610555, 0.17893400618548233, 0.15095776829406315, 0.17480418542559595]}