{"mauve": 0.5849606374266385, "js": 0.5864640758994065, "frontier_integral": 0.8387623360492563, "mauve_scores": [0.5876786915021056, 0.597458494654731, 0.5760316272364259, 0.5750159944477009, 0.5886183792922292], "js_scores": [0.583353082580453, 0.571235868047306, 0.5976849533332573, 0.5981500128264656, 0.5818964627095509]}