{"mauve": 0.9233175379087475, "js": 0.18389025184926386, "frontier_integral": 0.2575785064251022, "mauve_scores": [0.9038863686991963, 0.9356591579390758, 0.9309611660715835, 0.9212313790395582, 0.9248496177943235], "js_scores": [0.2106739542143054, 0.16674584506079415, 0.17154551692374842, 0.18730344455474401, 0.18318249849272733]}