{"mauve": 0.9251091205125931, "js": 0.18134666688594736, "frontier_integral": 0.25422870646264806, "mauve_scores": [0.9260194412652558, 0.926011693375093, 0.9196814205422386, 0.9188483544052819, 0.934984692975096], "js_scores": [0.179312510160466, 0.181574268826537, 0.18970650970587238, 0.18925373202541343, 0.166886313711448]}