{"mauve": 0.5849066493490916, "js": 0.5866125992770312, "frontier_integral": 0.8389047952460024, "mauve_scores": [0.6050466589451875, 0.5743317845066824, 0.5847957991543014, 0.5782487804617917, 0.5821102236774951], "js_scores": [0.5627214108999385, 0.5993246818784732, 0.5871599128946813, 0.5938936159364876, 0.5899633747755753]}