{"mauve": 0.9192053865448656, "js": 0.18994920346741792, "frontier_integral": 0.2659434463175055, "mauve_scores": [0.9121653619942829, 0.9136004837984923, 0.9167152561126535, 0.9361463069782011, 0.9173995238406983], "js_scores": [0.1994539408587628, 0.19636654646385604, 0.1935901313940707, 0.16577873314947117, 0.19455666547092887]}