{"mauve": 0.7741630691339281, "js": 0.3677282002217757, "frontier_integral": 0.5193976007820874, "mauve_scores": [0.7897375552850618, 0.7744214514432499, 0.7713834131698118, 0.7623535257570628, 0.7729194000144538], "js_scores": [0.3492158437313778, 0.3671865719147025, 0.3710522608534902, 0.38090336747333225, 0.3702829571359758]}