{"mauve": 0.8988336736651629, "js": 0.2168826799125186, "frontier_integral": 0.30491782426993835, "mauve_scores": [0.8989454374386809, 0.8925578175412793, 0.8919969517293986, 0.8995439733292856, 0.9111241882871695], "js_scores": [0.21660907902699042, 0.22594024586075143, 0.226067936295005, 0.2154864898777117, 0.20030964850213465]}