{"mauve": 0.925379970569456, "js": 0.1812182680370091, "frontier_integral": 0.2535105839526077, "mauve_scores": [0.9263408347510733, 0.9032969678978688, 0.9351181954340348, 0.941614503277199, 0.9205293514871036], "js_scores": [0.179265275942038, 0.20973407862897664, 0.1690032093520149, 0.15790575840456061, 0.1901830178574554]}