{"mauve": 0.539079695631113, "js": 0.6434416508057044, "frontier_integral": 0.9235381996265326, "mauve_scores": [0.542447131515412, 0.5408346160337423, 0.5363193343134849, 0.5362176747700047, 0.5395797215229212], "js_scores": [0.6392401455190508, 0.6415158218324899, 0.6469172954344875, 0.6471400419407276, 0.6423949493017661]}