{"mauve": 0.9376393858266547, "js": 0.16479809450825295, "frontier_integral": 0.22937837605020714, "mauve_scores": [0.9505968809723542, 0.9383122808708448, 0.9278529683397672, 0.9266308283936813, 0.9448039705566267], "js_scores": [0.14617624548335734, 0.16541347859586542, 0.17877943785985778, 0.18071107549399634, 0.1529102351081878]}