{"mauve": 0.9278024079836943, "js": 0.17725465578216584, "frontier_integral": 0.2484417731533644, "mauve_scores": [0.9283768327616955, 0.91432754933167, 0.9208224581563609, 0.9418369277249181, 0.9336482719438266], "js_scores": [0.1781355773994583, 0.19501144916043234, 0.186271963801589, 0.158373028487985, 0.1684812600613646]}