{"mauve": 0.5992633989233033, "js": 0.5685940322963774, "frontier_integral": 0.8129835509182646, "mauve_scores": [0.602826193573654, 0.5978274445841341, 0.5951257525403023, 0.5974012679679384, 0.6031363359504879], "js_scores": [0.5641112721142021, 0.5704203998254571, 0.5738731317676571, 0.5705309161029415, 0.5640344416716295]}