{"mauve": 0.747930376214969, "js": 0.4048993404211891, "frontier_integral": 0.5655314616737793, "forward": 2.268132263361257, "backward": 2.303474899611332, "mauve_scores": [0.7422183822230054, 0.7501315750662021, 0.7489894572812194, 0.7458538353091644, 0.7524586311952539], "forward_scores": [2.3492667210633567, 2.2397753552463437, 2.2035502688739133, 2.325527764257598, 2.2225412073650728], "backward_scores": [2.2899446165721895, 2.360123805711401, 2.336580551976333, 2.3087304290746196, 2.221995094722118], "js_scores": [0.4115191334565538, 0.40193303045363094, 0.4038752371442782, 0.4069648397887067, 0.40020446126277565]}