{"mauve": 0.7633429499831454, "js": 0.38812152409647827, "frontier_integral": 0.5406092735729697, "forward": 2.081764568756675, "backward": 2.19011236180824, "mauve_scores": [0.7592447484626268, 0.7685597796380775, 0.7660936385227607, 0.762713128345588, 0.7601034549466741], "forward_scores": [2.130122498526596, 2.0447699242543123, 2.043474658216753, 2.044579148188073, 2.1458766145976402], "backward_scores": [2.2593921327143365, 2.163567483888173, 2.1544902028807265, 2.201877555233709, 2.1712344343242536], "js_scores": [0.39230309517915063, 0.3820532986572246, 0.38529836086948327, 0.3891517463728882, 0.3918011194036447]}