{"mauve": 0.7588533225548351, "js": 0.39283626882480627, "frontier_integral": 0.547846640370921, "forward": 2.178211501731985, "backward": 2.182719666215149, "mauve_scores": [0.7600240250858956, 0.7523336344988701, 0.7586221188030314, 0.760259725479425, 0.7630271089069534], "forward_scores": [2.1822459538557477, 2.213051011383743, 2.1734856747939064, 2.228785430690492, 2.093489437936036], "backward_scores": [2.180168901743392, 2.2123094196366204, 2.230183304598906, 2.1157752504027667, 2.1751614546940594], "js_scores": [0.39133295772985777, 0.40058514935781037, 0.3928132425995216, 0.39106112232539303, 0.3883888721114487]}