{"mauve": 0.7528660382457254, "js": 0.3997163385136815, "frontier_integral": 0.5575636595061001, "forward": 2.2528155146206617, "backward": 2.19409358816296, "mauve_scores": [0.7532135246325207, 0.743655387803033, 0.7596544964057756, 0.7545020163963225, 0.7533047659909752], "forward_scores": [2.1986591286578308, 2.312343378271902, 2.211085602165399, 2.2766383246613877, 2.2653511393467873], "backward_scores": [2.2692316800253516, 2.3413303831340673, 2.1074282875668526, 2.1412846405937302, 2.1111929494948], "js_scores": [0.39907771538462744, 0.4096957068168453, 0.3922081096726251, 0.3978842510968209, 0.39971590959748865]}