{"mauve": 0.6557705463220195, "js": 0.5119356381868766, "frontier_integral": 0.7173041764481509, "forward": 2.904958004197822, "backward": 2.9863706594739168, "mauve_scores": [0.6555987028619887, 0.6557731235215047, 0.654683291652294, 0.6569271331205799, 0.6558704804537304], "forward_scores": [2.8742718189904, 2.8799374408092433, 2.947496833432752, 2.956487932441182, 2.8665959953155316], "backward_scores": [2.9852898471535823, 3.046898365267374, 2.9839452953378642, 2.8887036016308354, 3.0270161879799278], "js_scores": [0.5123346457757918, 0.511826474120021, 0.513022360668437, 0.5107270588421543, 0.511767651527979]}