{"mauve": 0.7546452971584312, "js": 0.3975975618256574, "frontier_integral": 0.5546309357366779, "forward": 2.2600499519215296, "backward": 2.171466739629109, "mauve_scores": [0.7517800693566955, 0.7567292704876052, 0.765021787745148, 0.7518189966623297, 0.747876361540378], "forward_scores": [2.262017178192685, 2.233342096236063, 2.16241514562551, 2.2887037535693007, 2.3537715859840898], "backward_scores": [2.2829223066808226, 2.1283346197084763, 2.05919137699526, 2.1940570824631447, 2.1928283122978423], "js_scores": [0.40045953703047166, 0.3955819172166397, 0.38602227203036577, 0.40080268402232333, 0.4051213988284867]}