{"mauve": 0.7412960967700941, "js": 0.41273265221714206, "frontier_integral": 0.5763818074064103, "forward": 2.282565332827209, "backward": 2.3524500728991455, "mauve_scores": [0.7384864105958537, 0.7398754043307527, 0.7355516754292615, 0.7455040425185129, 0.7470629509760907], "forward_scores": [2.3291450193888914, 2.269216233271593, 2.2775250514619167, 2.289604795251158, 2.2473355647624857], "backward_scores": [2.3660899793544354, 2.4709125450389706, 2.3824902308171554, 2.2609280479315603, 2.2818295613536064], "js_scores": [0.4158063252619865, 0.4138571827826833, 0.419653752798007, 0.4080708136012886, 0.40627518664174533]}