{"mauve": 0.7427827755731309, "js": 0.4111526205209609, "frontier_integral": 0.5739832555698388, "forward": 2.2394604648036007, "backward": 2.3518734895681566, "mauve_scores": [0.7381733351325531, 0.7383128042941284, 0.7437095419889812, 0.7438780951619506, 0.7498401012880411], "forward_scores": [2.227887705280499, 2.300429564636103, 2.2237585012918193, 2.2282738200796017, 2.2169527327299816], "backward_scores": [2.4510194863874544, 2.396890672562618, 2.2857016802272687, 2.38141791452214, 2.2443376941413002], "js_scores": [0.4162667067530459, 0.41598164126021997, 0.4105083132115874, 0.40976390297490817, 0.4032425384050431]}