{"mauve": 0.758367858028805, "js": 0.3935975508801208, "frontier_integral": 0.5486682305338526, "forward": 2.1569699714769532, "backward": 2.1901514822390693, "mauve_scores": [0.761089755591588, 0.7536919041114618, 0.7622341837275202, 0.7570605882426692, 0.7577628584707861], "forward_scores": [2.148267647368224, 2.173918909216042, 2.028504467093597, 2.2216104665745706, 2.212548367132331], "backward_scores": [2.1549400639104537, 2.2162949345812426, 2.271884306377807, 2.16428250982664, 2.1433555964992053], "js_scores": [0.39052096341108145, 0.3992782337528202, 0.38911984063327987, 0.3947820612314632, 0.3942866553719592]}