{"mauve": 0.7599946226066854, "js": 0.39202330203454, "frontier_integral": 0.5460539895919816, "forward": 2.153052233556955, "backward": 2.151810865261968, "mauve_scores": [0.7605827445809029, 0.7618382072407046, 0.7622692691100285, 0.7551697709807033, 0.760113121121088], "forward_scores": [2.1358139332408173, 2.205738061645139, 2.1171491661833874, 2.143860010812534, 2.1626999959028983], "backward_scores": [2.1442401941069282, 2.0426935393683214, 2.1173039234027127, 2.282464578351383, 2.1723520910804934], "js_scores": [0.3914549007636734, 0.3899964386030176, 0.3896335999358446, 0.39727164092491396, 0.39175992994525055]}