{"mauve": 0.7562837082928101, "js": 0.3955159706044138, "frontier_integral": 0.5519589650118683, "forward": 2.1587701137879707, "backward": 2.301786923798411, "mauve_scores": [0.7541746904075806, 0.7582815584319351, 0.7620764413523653, 0.7548256009866687, 0.7520602502855005], "forward_scores": [2.222046123126944, 2.1123241270236712, 2.0997027402355517, 2.135737599785445, 2.22403997876824], "backward_scores": [2.276319465509097, 2.36536748215715, 2.2437801626625395, 2.3305249307101956, 2.2929425779530694], "js_scores": [0.39777514157208993, 0.39311262801438707, 0.3890075390120675, 0.3974404854165334, 0.400244059006991]}