{"mauve": 0.7564803889772036, "js": 0.3954867560094744, "frontier_integral": 0.5516091875677966, "forward": 2.2655924291424334, "backward": 2.1369391986543156, "mauve_scores": [0.7537653433865745, 0.7537170933776913, 0.7685493024377332, 0.7557372856738729, 0.7506329200101461], "forward_scores": [2.2989275426768807, 2.2964373052277245, 2.0667193385861924, 2.2856061242311463, 2.3802718349902223], "backward_scores": [2.1253470769645486, 2.1233774202225417, 2.237246920403226, 2.1304390760725376, 2.068285499608723], "js_scores": [0.3987319920611208, 0.3988454592881012, 0.38124386340443417, 0.3961481025377891, 0.4024643627559268]}