{"mauve": 0.6597588843443492, "js": 0.506928306011216, "frontier_integral": 0.7105962782735953, "forward": 2.8985875306798894, "backward": 2.9702817491016096, "mauve_scores": [0.6551855748763875, 0.6605984842086127, 0.6574496426289036, 0.6606564557459962, 0.6649042642618457], "forward_scores": [2.964488287744359, 2.840149901903126, 2.87904240019521, 2.94415546607575, 2.8651015974810052], "backward_scores": [3.0325963794875275, 2.973910719433406, 3.0107749201680405, 2.921160691766855, 2.9129660346522193], "js_scores": [0.5118465708269568, 0.5062591976360395, 0.5097955052363154, 0.5056482766169174, 0.5010919797398502]}