{"mauve": 0.7397804812610114, "js": 0.4147560624638782, "frontier_integral": 0.5788577856359529, "forward": 2.350375573790452, "backward": 2.2851483114545803, "mauve_scores": [0.7387043786272762, 0.7484262778519593, 0.7372403063076765, 0.7370893203486604, 0.7374421231694841], "forward_scores": [2.3898665951692606, 2.296046773869766, 2.320070831082718, 2.3880876937795947, 2.3578059750509226], "backward_scores": [2.212712481684073, 2.171920556454385, 2.4211765910688445, 2.338086970113418, 2.281844957952181], "js_scores": [0.41627356042700003, 0.40517216398623224, 0.41713013800934523, 0.41742674533864743, 0.4177777045581659]}