{"mauve": 0.7556660088917851, "js": 0.3966508790376027, "frontier_integral": 0.5530092254431074, "forward": 2.1919835050923773, "backward": 2.227515349966449, "mauve_scores": [0.7540806306200187, 0.761211118094502, 0.7571740472670456, 0.7477052045022401, 0.7581590439751195], "forward_scores": [2.1742842253005454, 2.2272323789726585, 2.1764570940410746, 2.160843137948124, 2.2211006891994853], "backward_scores": [2.1842261618428536, 2.0581528646617637, 2.2361491585403956, 2.5458255020712866, 2.1132230627159463], "js_scores": [0.39907030271916705, 0.3903146671627832, 0.394788131375592, 0.4050693666350661, 0.3940119272954052]}