{"mauve": 0.749736859194557, "js": 0.40308237380137957, "frontier_integral": 0.5625750165623999, "forward": 2.311861314945248, "backward": 2.1952013369059413, "mauve_scores": [0.7508730157769938, 0.7486964077968161, 0.7566262884985118, 0.7501086556464647, 0.7423799282539982], "forward_scores": [2.3084687149059593, 2.3748834941728134, 2.20221278189913, 2.3122031023283545, 2.361538481419983], "backward_scores": [2.209765860429936, 2.0764423883463534, 2.248372523541341, 2.1655030871698164, 2.2759228250422616], "js_scores": [0.40152576410418994, 0.40473853855064124, 0.3949662012568663, 0.4029166540550315, 0.4112647110401687]}