{"mauve": 0.7526346266689379, "js": 0.39994802822540093, "frontier_integral": 0.5579707651417263, "forward": 2.1979218483589897, "backward": 2.2518053527398556, "mauve_scores": [0.7453060001411919, 0.7520009537030561, 0.7620463119976915, 0.7514452345330485, 0.7523746329697012], "forward_scores": [2.241565207035787, 2.200623605239261, 2.0714022610182217, 2.234666936399894, 2.2413512321017857], "backward_scores": [2.2886378799312665, 2.2695066199472946, 2.2119029441939673, 2.259478201720419, 2.2295011179063304], "js_scores": [0.4084727149767483, 0.40065721074811894, 0.38959092110310173, 0.4010352252943229, 0.39998406900471273]}