{"mauve": 0.760773916509619, "js": 0.3905912805955586, "frontier_integral": 0.5446913762196628, "forward": 2.1488564773339767, "backward": 2.2153732084396394, "mauve_scores": [0.761320647594678, 0.7544205868114626, 0.761852437100967, 0.7600029351236945, 0.766272975917293], "forward_scores": [2.170292282776835, 2.2033647499177844, 2.0680824843403407, 2.155730401185397, 2.146812468449525], "backward_scores": [2.1810615690060247, 2.3341620341690343, 2.293548196397989, 2.1840269014687097, 2.0840673411564405], "js_scores": [0.38993961019537215, 0.3973388765166567, 0.38939551784789106, 0.3916636619838435, 0.38461873643402966]}