{"mauve": 0.7505023283941619, "js": 0.40196734560621394, "frontier_integral": 0.5613450934228659, "forward": 2.271402489885702, "backward": 2.257361534419909, "mauve_scores": [0.7531973452820301, 0.748860032591844, 0.7493060168645232, 0.7514349963930378, 0.7497132508393745], "forward_scores": [2.1837512095655045, 2.2973941436530887, 2.2779825945219274, 2.2831971338257837, 2.314687367862206], "backward_scores": [2.24205413660538, 2.2630628229526657, 2.2771903925334493, 2.2546101352955135, 2.249890184712537], "js_scores": [0.3995543595391643, 0.40376466075955564, 0.40337409256975437, 0.40064956014525366, 0.4024940550173418]}