{"mauve": 0.6576634016845093, "js": 0.5093140571939967, "frontier_integral": 0.7141115581872921, "forward": 2.8949655936628664, "backward": 2.9977739597976467, "mauve_scores": [0.6555017117748827, 0.6632838215661656, 0.657717379935606, 0.65619187586784, 0.6556222192780521], "forward_scores": [2.9083959337201795, 2.8635282502791535, 2.8705333565616535, 2.896513023555365, 2.9358574041979812], "backward_scores": [3.0239839377940414, 2.9171518778748053, 3.0357509267404916, 2.9849582778306045, 3.027024778748291], "js_scores": [0.5118173028493498, 0.5029361078353478, 0.5091620405038799, 0.5112377031725113, 0.511417131608895]}