{"mauve": 0.7621509390462176, "js": 0.389678856629199, "frontier_integral": 0.5425837366078526, "forward": 2.10144934166298, "backward": 2.152858442719789, "mauve_scores": [0.7588003073892646, 0.7568989085494477, 0.7684978757733119, 0.7645428973491751, 0.7620147061698881], "forward_scores": [2.1250819187422247, 2.0964106266672835, 2.0910302557734, 2.098944812238076, 2.095779094893916], "backward_scores": [2.174917154413861, 2.3100959516265913, 2.015277335548217, 2.1351785995646817, 2.128823172445592], "js_scores": [0.3935373951291322, 0.3950817379665594, 0.38276208835825365, 0.38681170048359503, 0.3902013612084548]}