{"mauve": 0.7575376199488402, "js": 0.39446127803353404, "frontier_integral": 0.5499615888746959, "forward": 2.224063266053749, "backward": 2.1450445160652194, "mauve_scores": [0.7517925660409818, 0.7546325586619589, 0.7605717253373696, 0.7606605523274838, 0.7600306973764066], "forward_scores": [2.2742546151040237, 2.248969135644632, 2.1277102872819733, 2.218408693421795, 2.250973598816321], "backward_scores": [2.2041958989698327, 2.128941805219621, 2.184595524271449, 2.1294468485597666, 2.0780425033054275], "js_scores": [0.40074040262250876, 0.39802896621018574, 0.39136707636013757, 0.39056318336455076, 0.39160676161028735]}