{"mauve": 0.7600312852957605, "js": 0.39158321170053056, "frontier_integral": 0.5459130909963517, "forward": 2.167477049930082, "backward": 2.1982707825408383, "mauve_scores": [0.7566003536698462, 0.7577110070285717, 0.7612582173236144, 0.7568452432512607, 0.7677416052055092], "forward_scores": [2.222578950456409, 2.1890261853632693, 2.0675900665140525, 2.2407063794806383, 2.117483667836041], "backward_scores": [2.2522056590803157, 2.2241794741608545, 2.300781302406435, 2.1460866099553213, 2.0681008671012644], "js_scores": [0.3948837413255868, 0.3941744154419706, 0.39033614908458825, 0.3952119684580442, 0.38330978419246287]}