{"mauve": 0.6983850775538686, "js": 0.4619847284760473, "frontier_integral": 0.6464499781921962, "forward": 2.510825060339797, "backward": 2.756497074152458, "mauve_scores": [0.7076432264608327, 0.6986744865681482, 0.6946566644107991, 0.697864642311449, 0.6930863680181141], "forward_scores": [2.443397639314901, 2.5608844106519917, 2.4998114733094665, 2.43817640395981, 2.611855374462817], "backward_scores": [2.606363635654376, 2.698492715192839, 2.845779935569287, 2.872904250067342, 2.758944834278443], "js_scores": [0.4519987353058389, 0.46149651658367885, 0.46608764476564934, 0.46250504918969915, 0.4678356965353705]}