{"mauve": 0.751268743501453, "js": 0.4016661341823811, "frontier_integral": 0.5602127061607924, "forward": 2.187897368284953, "backward": 2.26321947131282, "mauve_scores": [0.7509358807992822, 0.7497264093694206, 0.7530973337161659, 0.7504044162767747, 0.7521796773456217], "forward_scores": [2.209982683340822, 2.186263780185822, 2.180446657481597, 2.239664288959771, 2.1231294314567513], "backward_scores": [2.237500398925483, 2.27107371659175, 2.2197560709833675, 2.2437218826940586, 2.3440452873694424], "js_scores": [0.4019625742544858, 0.40360463400415214, 0.3997908169850259, 0.40238943107093805, 0.4005832145973036]}