{"mauve": 0.7411076288017568, "js": 0.41306857701802846, "frontier_integral": 0.5766572456776158, "forward": 2.3438951910725034, "backward": 2.289441304699994, "mauve_scores": [0.7399584631740371, 0.7402845039613974, 0.7425254442795837, 0.7436712265314822, 0.7390985060622841], "forward_scores": [2.3294776151329675, 2.340702979480102, 2.26968392507982, 2.3685736463949243, 2.4110377892747024], "backward_scores": [2.2400279428641507, 2.3463867958896043, 2.3758505413773774, 2.238968792217365, 2.245972451151476], "js_scores": [0.41498061821725063, 0.4137245112783843, 0.4114155575847151, 0.40997238892949694, 0.41524980908029546]}