{"mauve": 0.7439465731141253, "js": 0.40965687157811936, "frontier_integral": 0.5720497743896316, "forward": 2.262477543890017, "backward": 2.3479487173955635, "mauve_scores": [0.7405915262087911, 0.7466662726199333, 0.7473352709113207, 0.7457140203290753, 0.7394257755015057], "forward_scores": [2.263920358729701, 2.2557491260590057, 2.213159434397723, 2.2830320393114882, 2.296526760952167], "backward_scores": [2.4076560214099065, 2.2395902705090247, 2.3005501050734702, 2.3062140583032407, 2.485733131682176], "js_scores": [0.41332814371890814, 0.40707610467127414, 0.40597399718470517, 0.40771179726791723, 0.41419431504779214]}