{"mauve": 0.7474830316209287, "js": 0.4055505820100279, "frontier_integral": 0.5662790916904553, "forward": 2.2692993458886206, "backward": 2.2967468643925586, "mauve_scores": [0.7400566481235946, 0.7528278775716781, 0.7450854509925681, 0.74827075350109, 0.7511744279157127], "forward_scores": [2.355712450833545, 2.1517459622928934, 2.281088553184767, 2.3094556543307387, 2.2484941088011587], "backward_scores": [2.412154861308463, 2.2974334486308483, 2.3381947112940416, 2.179921034910218, 2.2560302658192195], "js_scores": [0.41345150077068543, 0.39980684892500984, 0.40804948160023824, 0.4050686310958976, 0.4013764476583086]}