{"mauve": 0.7578589840032967, "js": 0.3940440198205431, "frontier_integral": 0.5494515212171233, "forward": 2.1898956225536654, "backward": 2.1946290100697645, "mauve_scores": [0.7500341100579385, 0.7625923129276533, 0.7591636499617833, 0.7622327312355877, 0.7552721158335203], "forward_scores": [2.2456234446919456, 2.194012398078676, 2.0839617941908815, 2.187276360821912, 2.2386041149849105], "backward_scores": [2.2936210590576223, 2.0550383966945853, 2.2647414026671044, 2.193976941032527, 2.1657672508969834], "js_scores": [0.40265950872292167, 0.3890892610248136, 0.3927514431690847, 0.3885969151925687, 0.39712297099332655]}