{"mauve": 0.7627165549421784, "js": 0.3884594536465965, "frontier_integral": 0.5415228177718657, "forward": 2.193793462165329, "backward": 2.1082575267107555, "mauve_scores": [0.7622850512115553, 0.7598527025569626, 0.7665989160877851, 0.7664676691224608, 0.7583784357321277], "forward_scores": [2.1438604935434897, 2.247890465918168, 2.1380461105144404, 2.2456325153893326, 2.1935377254612156], "backward_scores": [2.1365369279848156, 2.1587415936793946, 2.079479191586757, 1.949411040587672, 2.2171188797151373], "js_scores": [0.3891185698540389, 0.3912871051548064, 0.3842741872603896, 0.3844551563699795, 0.3931622495937682]}