{"mauve": 0.7558192950024384, "js": 0.39637480731503755, "frontier_integral": 0.5527895075026069, "forward": 2.152912899856614, "backward": 2.2501960026040093, "mauve_scores": [0.7579176912248535, 0.7574634168263321, 0.7624036890098925, 0.7518635244256262, 0.7494481535254875], "forward_scores": [2.0889186973193814, 2.1645357588063474, 2.045477502386653, 2.2738727958328537, 2.191759744937834], "backward_scores": [2.2568019146976823, 2.231259511103888, 2.2508489429413006, 2.2103421680479376, 2.3017274762292375], "js_scores": [0.39427239751680554, 0.3943360093517933, 0.38905254712031234, 0.40067221246755025, 0.4035408701187264]}