{"mauve": 0.7594060786956544, "js": 0.39188185029101924, "frontier_integral": 0.5468726470558802, "forward": 2.205119481482714, "backward": 2.194028694897564, "mauve_scores": [0.7584438322283538, 0.7591191160263292, 0.7692201942044299, 0.7554359593237124, 0.7548112916954468], "forward_scores": [2.16932496965172, 2.215865681717736, 2.1426891721495247, 2.2591425840884054, 2.2385749998061844], "backward_scores": [2.2509196421724407, 2.1378583836700127, 2.0313948265446635, 2.2889324174374024, 2.261038204663301], "js_scores": [0.39301397423556783, 0.392430630956212, 0.3811107786590166, 0.3958613365159902, 0.3969925310883097]}