{"mauve": 0.7505229827208272, "js": 0.4021793686588733, "frontier_integral": 0.5613337127017672, "forward": 2.2874766771669206, "backward": 2.2099924937054602, "mauve_scores": [0.7517100062670148, 0.750575776274629, 0.7500222586606056, 0.7460417117676297, 0.754265160634257], "forward_scores": [2.2939006946548344, 2.3086501133591444, 2.2371849747256722, 2.339585354952235, 2.2580622481427177], "backward_scores": [2.175392486438111, 2.156512849976745, 2.2991652299973566, 2.2441252178298963, 2.1747666842851925], "js_scores": [0.40096280037775733, 0.4022940710517544, 0.402600698222997, 0.40716520983212057, 0.3978740638097371]}