{"mauve": 0.7598940889379677, "js": 0.3917110782719531, "frontier_integral": 0.5461454693525455, "forward": 2.1052418925259446, "backward": 2.2533714265095797, "mauve_scores": [0.7584642278488658, 0.7561276274088088, 0.7598576369369124, 0.7637630716608497, 0.7612578808344019], "forward_scores": [2.1679314488575976, 2.1616956165469148, 2.0468363923079123, 2.0488235959055725, 2.1009224090117264], "backward_scores": [2.1930968715164263, 2.259354469194052, 2.335410484718711, 2.204527259045525, 2.2744680480731825], "js_scores": [0.39340235529063494, 0.3958520649216165, 0.3916867199214887, 0.38770967394592026, 0.3899045772801052]}