{"mauve": 0.6569472752543509, "js": 0.5106036155345147, "frontier_integral": 0.7153294688813772, "forward": 2.875438067485391, "backward": 2.9866179597229054, "mauve_scores": [0.6593613051995297, 0.6561669276627204, 0.6582842840964505, 0.6568898529247458, 0.6540340063883081], "forward_scores": [2.8211803698289533, 2.9003829877578733, 2.819987802963848, 2.957216533540521, 2.8784226433357585], "backward_scores": [2.9936071827043835, 2.9453854615192974, 2.9934529690054594, 2.9299283196302537, 3.0707158657551323], "js_scores": [0.5078221282975226, 0.5116734412109116, 0.5092910792504673, 0.5104846630676554, 0.5137467658460166]}