{"mauve": 0.6556732850222868, "js": 0.5117892035449747, "frontier_integral": 0.7174337915193603, "forward": 2.892168566834709, "backward": 3.0357006304829866, "mauve_scores": [0.6551333977384636, 0.6566374056411859, 0.6538068611267509, 0.6595575817513384, 0.6532311788536953], "forward_scores": [2.874552282083009, 2.939783935214566, 2.7953187742664247, 2.928235982926257, 2.9229518596832884], "backward_scores": [3.0529658966565902, 2.8919623640885948, 3.2650482560599303, 2.910504496357021, 3.0580221392527975], "js_scores": [0.5124428377528831, 0.5111902945521815, 0.513539137814526, 0.50722851208278, 0.5145452355225033]}