{"mauve": 0.738667690741881, "js": 0.4155667524609122, "frontier_integral": 0.5805998206590888, "forward": 2.2477097325844224, "backward": 2.4455528524189614, "mauve_scores": [0.7369476852590933, 0.734867597834671, 0.7424045284410886, 0.7437280748769726, 0.7353905672975793], "forward_scores": [2.26309371822235, 2.2388039657333283, 2.21815883520196, 2.2505949295656813, 2.267897214198791], "backward_scores": [2.475945647515607, 2.5753208311608917, 2.3817834998008425, 2.3361780679187145, 2.4585362156987505], "js_scores": [0.41739387036821896, 0.41928510263765206, 0.4114884657861514, 0.41008587230101046, 0.419580451211528]}