{"mauve": 0.6814933630553531, "js": 0.48161466996117114, "frontier_integral": 0.6743314735891035, "forward": 2.63941377508866, "backward": 2.8866784909649064, "mauve_scores": [0.6788050588319035, 0.6787717140793401, 0.6887555265513832, 0.6830074267316002, 0.6781270890825387], "forward_scores": [2.646785635208237, 2.7080859141580254, 2.539352946243047, 2.576889859193625, 2.7259545206403653], "backward_scores": [2.9686711080481607, 2.8955502085538076, 2.766193118746275, 2.935412872565418, 2.86756514691087], "js_scores": [0.484363708353616, 0.48454890611087575, 0.47390305933261795, 0.4800029713547428, 0.48525470465400344]}