{"mauve": 0.6572640149435333, "js": 0.5101074432615131, "frontier_integral": 0.7147994011310059, "forward": 2.8964478663651367, "backward": 2.970198790164184, "mauve_scores": [0.6605335490543983, 0.6557392933627301, 0.6575302312549409, 0.6575123082913389, 0.6550046927542579], "forward_scores": [2.826926686809224, 2.9259016845610164, 2.873916778809972, 2.9452818700071663, 2.9102123116383036], "backward_scores": [2.9574296465707506, 2.9824049215838087, 2.9827707821661456, 2.921940096617422, 3.0064485038827935], "js_scores": [0.5064746013930174, 0.5118195702597006, 0.5098481748306296, 0.509716400322981, 0.5126784695012373]}