{"mauve": 0.7668124247932472, "js": 0.38391225596395084, "frontier_integral": 0.5348507691362044, "forward": 2.1691017480386257, "backward": 2.082737446717305, "mauve_scores": [0.7693105269157794, 0.7742054360133046, 0.7662000301471272, 0.7595532400755184, 0.7647928908145059], "forward_scores": [2.115210724820029, 2.108554718618437, 2.1542052909902645, 2.2755582804179384, 2.1919797253464592], "backward_scores": [2.164405797901012, 1.9912976265563815, 2.047274047644457, 2.0468485801670573, 2.1638611813176167], "js_scores": [0.38075999800077565, 0.3756032324237033, 0.3851327849992348, 0.3922668225704615, 0.3857984418255789]}