{"mauve": 0.6812311317296363, "js": 0.4822055406082719, "frontier_integral": 0.6748311688449486, "forward": 2.6686613580216, "backward": 2.809342720075047, "mauve_scores": [0.6765352553403139, 0.6824082191191836, 0.6881218860449214, 0.6830591556226843, 0.6760311425210785], "forward_scores": [2.6342274898208675, 2.6646294237271584, 2.5929933936787983, 2.722449350326772, 2.7290071325544063], "backward_scores": [2.9456526918343893, 2.7796311284526016, 2.746599162963797, 2.729483974215267, 2.8453466429091816], "js_scores": [0.48746533168820416, 0.48092965111231856, 0.47446760974092267, 0.48003233164196935, 0.48813277885794515]}