{"mauve": 0.7634123822434205, "js": 0.3876571648513991, "frontier_integral": 0.5403406319867878, "forward": 2.1812709380403876, "backward": 2.169864086198247, "mauve_scores": [0.7617030324483, 0.7585500232973693, 0.7666164651261532, 0.764909367807554, 0.765283022537726], "forward_scores": [2.1391404427210734, 2.2256403393692623, 2.166020907162505, 2.2279661464295097, 2.1475868545195897], "backward_scores": [2.4839318172237443, 2.154905759387849, 2.0134208972487384, 2.036271378397259, 2.160790578733646], "js_scores": [0.38862650835378504, 0.39333806854534037, 0.3846242074294488, 0.38610831861452344, 0.3855887213138979]}