{"mauve": 0.7597964296105792, "js": 0.3920905753403521, "frontier_integral": 0.5463682463292294, "forward": 2.117707809902492, "backward": 2.2071408802276222, "mauve_scores": [0.7560904813187256, 0.753851512454786, 0.760870801702592, 0.76443715058641, 0.7637322019903827], "forward_scores": [2.125312144970734, 2.221802823203893, 2.075530269490877, 2.1135679418134505, 2.052325870033506], "backward_scores": [2.2652112992523463, 2.282408085020826, 2.1655031150640776, 2.1140045934340996, 2.208577308366761], "js_scores": [0.39609046343731286, 0.39808699756861987, 0.39143658311488383, 0.3870962448758839, 0.38774258770506]}