{"mauve": 0.7569710826434459, "js": 0.3952426791458957, "frontier_integral": 0.5508316474602295, "forward": 2.270642979853244, "backward": 2.0956438015541803, "mauve_scores": [0.7547790848892186, 0.7524523047384017, 0.7579364374900218, 0.7556592426130093, 0.7640283434865778], "forward_scores": [2.30820234739805, 2.2840088465416093, 2.292945223731987, 2.1982006640255314, 2.2698578175690427], "backward_scores": [2.0912777509809315, 2.127868757285021, 2.0922820252228016, 2.204512521906794, 1.9622779523753544], "js_scores": [0.39772090759397283, 0.4007386790399565, 0.3937614149445203, 0.3966867965434203, 0.3873055976076084]}