{"mauve": 0.7629760987460376, "js": 0.38884722305072394, "frontier_integral": 0.5411883290333553, "forward": 2.180262545268521, "backward": 2.0622522457790824, "mauve_scores": [0.7698122615474752, 0.764073195571733, 0.7595667576765128, 0.7628081142848944, 0.7586201646495725], "forward_scores": [2.133224986969974, 2.1745321097037493, 2.2085815173758885, 2.1762383840219393, 2.208735728271053], "backward_scores": [2.0177787077956952, 2.0228966714486125, 2.1082410304896677, 2.0640716528451075, 2.0982731663163308], "js_scores": [0.3809778714942408, 0.38784368095031807, 0.3924770334272444, 0.38908065660296337, 0.39385687277885284]}