{"mauve": 0.7594690977953716, "js": 0.39248059042851124, "frontier_integral": 0.5468075226213938, "forward": 2.2441357939766937, "backward": 2.074914247629308, "mauve_scores": [0.7620726425032534, 0.752939916957033, 0.7640795746764363, 0.7605072435558062, 0.7577461112843293], "forward_scores": [2.166411288713431, 2.273477225650172, 2.23612720127765, 2.282105787598606, 2.26255746664361], "backward_scores": [2.126560973066756, 2.174175257631429, 2.0039044698707116, 2.016580990056969, 2.053349547520675], "js_scores": [0.3893685631420414, 0.3998569393654614, 0.387220247357848, 0.3912793165837405, 0.39467788569346507]}