{"mauve": 0.7353745029201815, "js": 0.41939148013700595, "frontier_integral": 0.5859963719967648, "forward": 2.351777756471751, "backward": 2.394533467011273, "mauve_scores": [0.7380071206011793, 0.735975636507429, 0.7430817327697018, 0.7203934070964088, 0.7394146176261882], "forward_scores": [2.26511563026786, 2.365175017005197, 2.302263394147065, 2.5015263151132228, 2.32480842582541], "backward_scores": [2.407398296810401, 2.3338242636135256, 2.2961728748531987, 2.539068499263295, 2.3962034005159447], "js_scores": [0.4167532780284472, 0.41886357465256596, 0.41074775069433805, 0.4361330892691667, 0.41445970804051196]}