{"mauve": 0.749855911576273, "js": 0.40332253746486124, "frontier_integral": 0.5624216581258696, "forward": 2.278420338244046, "backward": 2.2259516186856283, "mauve_scores": [0.7446371138012395, 0.7579967777002441, 0.7480439689818794, 0.7445237866135119, 0.7540779107844895], "forward_scores": [2.3891066191127495, 2.1885644434119222, 2.202470308760781, 2.3533196623009727, 2.258640657633807], "backward_scores": [2.1956732890211965, 2.1882689529467716, 2.426490700686266, 2.235164598532533, 2.0841605522413755], "js_scores": [0.4090415854119912, 0.3940428060739649, 0.4051135904551528, 0.40927288648152793, 0.39914181890166944]}