{"mauve": 0.747794395972178, "js": 0.4060770615762719, "frontier_integral": 0.5658332116212683, "forward": 2.297258805955875, "backward": 2.168409093696504, "mauve_scores": [0.7454264543039815, 0.7476527508773121, 0.7462995912960197, 0.7512844726410701, 0.7483087107425069], "forward_scores": [2.2627359360836166, 2.3485111892116675, 2.319636526388955, 2.2714353492675263, 2.2839750288276113], "backward_scores": [2.2819724818118297, 2.049036455869057, 2.2140518988446867, 2.1999754120060055, 2.0970092199509387], "js_scores": [0.4084395550545798, 0.406680042323683, 0.40721711481304834, 0.4017773060413662, 0.4062712896486824]}