{"mauve": 0.7537358601028, "js": 0.3988553727073329, "frontier_integral": 0.5560534500026764, "forward": 2.2915639665700063, "backward": 2.151684294215042, "mauve_scores": [0.7468718899302411, 0.7560706962696944, 0.7558245526365043, 0.7580437523445112, 0.751868409333049], "forward_scores": [2.4199715639226067, 2.282823833390664, 2.178320836068269, 2.2816473775354167, 2.2950562219330743], "backward_scores": [2.146081801266569, 2.113194118297835, 2.2486769171481273, 2.038918030640829, 2.21155060372185], "js_scores": [0.40631316845657595, 0.39632006181147295, 0.39667188560344013, 0.39432787603582076, 0.40064387162935466]}