{"mauve": 0.7707422819493326, "js": 0.37952463647354906, "frontier_integral": 0.5285362901270169, "forward": 2.073838344632802, "backward": 2.0984374966889145, "mauve_scores": [0.7712599538352368, 0.7666855471414464, 0.7740102265045434, 0.7779783443826223, 0.7637773378828142], "forward_scores": [2.143488388435584, 2.1048135471475287, 2.0143536388202836, 2.002120202209281, 2.1044159465513337], "backward_scores": [1.9649951247549964, 2.171027490732183, 2.1189112492389857, 2.0355496852923167, 2.20170393342609], "js_scores": [0.3792608563317605, 0.38382285256958115, 0.3758167899347283, 0.3715355011830432, 0.38718718234863236]}