{"mauve": 0.7623977365998826, "js": 0.3890537749719231, "frontier_integral": 0.542082608270681, "forward": 2.175349291236877, "backward": 2.1275694136259986, "mauve_scores": [0.7584439732166687, 0.7562934174824996, 0.7651509091220794, 0.7671933380894467, 0.7649070450887188], "forward_scores": [2.2220829482943483, 2.2001723895970597, 2.1245110837041916, 2.130154377725401, 2.1998256568633856], "backward_scores": [2.1388958159150664, 2.27427579079432, 2.095636044431152, 2.1116212940506465, 2.0174181229388077], "js_scores": [0.39345252828417715, 0.3954534288554403, 0.386260432648384, 0.38358072165823287, 0.3865217634133813]}