{"mauve": 0.7556532985622958, "js": 0.3966552647015981, "frontier_integral": 0.5529776509222069, "forward": 2.247628265941219, "backward": 2.1796543497791725, "mauve_scores": [0.7545485216337999, 0.750110329960611, 0.7637966128233427, 0.7613854464826172, 0.7484255819111084], "forward_scores": [2.2457476865688863, 2.2621415156312565, 2.141689931654455, 2.239580836124199, 2.3489813597272993], "backward_scores": [2.1560066172965078, 2.5124224785778693, 2.02012055711837, 2.0000572540676855, 2.20966484183543], "js_scores": [0.39794403574273995, 0.40178918136649727, 0.3882716854366842, 0.3907869846009382, 0.4044844363611311]}