{"mauve": 0.7724568286707647, "js": 0.37775343873890777, "frontier_integral": 0.52578736148653, "forward": 2.0629076190047186, "backward": 2.0684650734375474, "mauve_scores": [0.7739567820922381, 0.7662425070736838, 0.7762427242974657, 0.7790622662634219, 0.7667798636270148], "forward_scores": [2.04642294662261, 2.082622832276868, 2.0473426605697806, 2.0158548146133604, 2.122294840940973], "backward_scores": [2.0324170968431967, 2.1417735187047335, 1.9594221269156178, 1.9817465183981857, 2.2269661063260022], "js_scores": [0.3761352086313541, 0.38481397219928676, 0.37401093157051085, 0.3704580459600939, 0.3833490353332931]}