{"mauve": 0.754655286926462, "js": 0.3978685539422629, "frontier_integral": 0.5546446914272588, "forward": 2.2527928273569664, "backward": 2.159880771946894, "mauve_scores": [0.7552485846789874, 0.7555858117034813, 0.7460559792055903, 0.7582527694337011, 0.7581332896105495], "forward_scores": [2.286390313067565, 2.2855516482662748, 2.3296088051180357, 2.1497935457953585, 2.212619824537597], "backward_scores": [2.1017022379400454, 2.139152733867974, 2.286548736945026, 2.1669079329551275, 2.1050922180262988], "js_scores": [0.397146774920564, 0.39637287600818116, 0.4070501525910812, 0.39431437243786627, 0.3944585937536216]}