{"mauve": 0.6609300258252068, "js": 0.5053776268831653, "frontier_integral": 0.7086106167499132, "forward": 2.855969534304703, "backward": 2.998123640437452, "mauve_scores": [0.6610076944942553, 0.6590423696412075, 0.6592492593132091, 0.6610123338379821, 0.6643384718393797], "forward_scores": [2.831507322664259, 2.918053588989563, 2.9086962287858844, 2.7845759285599, 2.837014602523911], "backward_scores": [3.027617068013882, 2.991366255605866, 2.9670156404469172, 3.043881299605313, 2.960737938515283], "js_scores": [0.5052711081047944, 0.507466332294567, 0.5073169839402306, 0.5054274692200527, 0.5014062408561821]}