{"mauve": 0.7491506176015588, "js": 0.4033949385718415, "frontier_integral": 0.5635176994047372, "forward": 2.236832019763515, "backward": 2.342553035755224, "mauve_scores": [0.7441765710678512, 0.7509015878950068, 0.7538202664022056, 0.7537854993807918, 0.7430691632619386], "forward_scores": [2.2641941305306448, 2.1648562305606593, 2.199395124736164, 2.199149344057171, 2.3565652689329357], "backward_scores": [2.473846569380721, 2.412098656197348, 2.290867199624052, 2.234906433806274, 2.3010463197677224], "js_scores": [0.4083827561108626, 0.40113308600899045, 0.39812861407620703, 0.39888034525670246, 0.41044989140644494]}