{"mauve": 0.75928161230775, "js": 0.39302525976620883, "frontier_integral": 0.5471811003108815, "forward": 2.220937318447864, "backward": 2.0677260336074346, "mauve_scores": [0.7513175423856384, 0.7556366877497166, 0.7618698329658921, 0.7679958207601382, 0.7595881776773646], "forward_scores": [2.304558626541417, 2.2833338142377846, 2.15844616326268, 2.1668573505165054, 2.191490637680933], "backward_scores": [2.1624132480317177, 2.0683118078510856, 2.0274079180120164, 1.9750212341372468, 2.1054759600051045], "js_scores": [0.40153717787320975, 0.39712010379994844, 0.3906221747973868, 0.3832447189995464, 0.3926021233609529]}