{"mauve": 0.7609624340100651, "js": 0.3907082114687701, "frontier_integral": 0.544378038796625, "forward": 2.218311274920874, "backward": 2.091522114669444, "mauve_scores": [0.7640342400220306, 0.7609074044818749, 0.7635309362926921, 0.7622172010184972, 0.7541223882352308], "forward_scores": [2.23100935224167, 2.1973525444000814, 2.1251593990721114, 2.2761692616178113, 2.2618658172726964], "backward_scores": [1.9702447694365965, 2.178402454038969, 2.0682762885551202, 2.050093600685393, 2.1905934606311415], "js_scores": [0.3877019872165488, 0.3902894097674206, 0.3883956812901407, 0.38878510993950416, 0.39836886913023617]}