{"mauve": 0.7186470677973127, "js": 0.4390257506700963, "frontier_integral": 0.6132771358913387, "forward": 2.533358079555387, "backward": 2.3946532643685763, "mauve_scores": [0.7198260387768622, 0.7138125566043331, 0.7239880091665258, 0.719669059459674, 0.7159396749791682], "forward_scores": [2.526829792217763, 2.553701850048985, 2.5081323938956044, 2.5192051814777217, 2.5589211801368608], "backward_scores": [2.3559448075350047, 2.4466352652525187, 2.293281430963891, 2.469670945412077, 2.407733872679391], "js_scores": [0.4378173737385481, 0.4444819031478267, 0.4332896353762147, 0.4373609973938285, 0.4421788436940638]}