{"mauve": 0.6617909957986353, "js": 0.5050370663994634, "frontier_integral": 0.7072276354973905, "forward": 2.8533128589795593, "backward": 2.911535281655379, "mauve_scores": [0.6573815475923954, 0.6629863979802113, 0.6612248812832359, 0.6628732655104876, 0.6644888866268466], "forward_scores": [2.887096859944659, 2.8353203487359258, 2.7893465182454964, 2.883497485530725, 2.8713030824409906], "backward_scores": [2.9800675519930118, 2.8753514306943684, 2.9557874542088385, 2.9204755882626827, 2.8259943831179917], "js_scores": [0.5098870801355595, 0.5037949063041958, 0.5058858452583526, 0.5035093824673343, 0.5021081178318754]}