{"mauve": 0.7502752100118354, "js": 0.40291160144325344, "frontier_integral": 0.561762721877275, "forward": 2.2985364264346853, "backward": 2.1661927922797384, "mauve_scores": [0.7462212041437644, 0.7467722200044059, 0.7541359973039853, 0.7530955509634591, 0.7511510776435617], "forward_scores": [2.2855026808150174, 2.327783008617223, 2.2113192222061104, 2.351268740438244, 2.3168084800968303], "backward_scores": [2.182899816057962, 2.1912644928893763, 2.2646658840501788, 2.0594572196154575, 2.132676548785719], "js_scores": [0.40793529478769597, 0.4068532624401595, 0.39828074250456424, 0.39958332860246615, 0.4019053788813812]}