{"mauve": 0.7541345397849831, "js": 0.3985770964070991, "frontier_integral": 0.5554332582175407, "forward": 2.292218476005344, "backward": 2.111771798660091, "mauve_scores": [0.751987925887279, 0.751750545270315, 0.7553694464275972, 0.7519763707720512, 0.7595884105676731], "forward_scores": [2.332973442453158, 2.304958494114588, 2.2312114435944634, 2.3924575214688986, 2.1994914783956117], "backward_scores": [2.05148437187767, 2.308733851724527, 2.086224994156998, 2.033368328494816, 2.0790474470464453], "js_scores": [0.40118032096490464, 0.4002149449048683, 0.3976930578158549, 0.4009465894547446, 0.39285056889512315]}