{"mauve": 0.7056264745172361, "js": 0.4534989468905072, "frontier_integral": 0.6345609524424004, "forward": 2.500661063839409, "backward": 2.681723820774695, "mauve_scores": [0.6998740471984939, 0.7053266833756258, 0.7090645665859328, 0.7088422900610345, 0.7050247853650939], "forward_scores": [2.5277931590367015, 2.5252678482095647, 2.4581210366049153, 2.5275753366549605, 2.4645479386909024], "backward_scores": [2.7795719691328484, 2.7053853493133184, 2.605517739253573, 2.5707087132125035, 2.747435332961233], "js_scores": [0.4598555644150887, 0.4536743003855883, 0.4500104426132647, 0.4499862918327758, 0.4539681352058181]}