{"mauve": 0.7545091038136101, "js": 0.39826415507992313, "frontier_integral": 0.5548320083966323, "forward": 2.307413542705169, "backward": 2.06477770147276, "mauve_scores": [0.7511871925425382, 0.7538655833275599, 0.7576131997520652, 0.7575745647990979, 0.7523049786467901], "forward_scores": [2.3611751493049122, 2.3187657636762595, 2.2505298849433175, 2.3122251908000857, 2.294371724801272], "backward_scores": [2.0360130673367127, 2.1106589954572708, 2.0500896051874653, 2.075266995444441, 2.051859843937909], "js_scores": [0.4021998725619361, 0.39854674825606673, 0.3949095065345911, 0.39427548542477964, 0.4013891626222422]}