{"mauve": 0.7575495841243252, "js": 0.3948912344975691, "frontier_integral": 0.550006994006366, "forward": 2.1986892762313532, "backward": 2.140057394101889, "mauve_scores": [0.7572550300623819, 0.7568003499444333, 0.758237006302467, 0.7588495918643029, 0.7566059424480401], "forward_scores": [2.197157078337339, 2.20800084488408, 2.2274772735894857, 2.190684028101692, 2.170127156244169], "backward_scores": [2.2371417324873364, 2.0611028080637124, 2.070724654760065, 2.1685204139806977, 2.162797361217635], "js_scores": [0.39472344413946014, 0.396351378826429, 0.3940848480125939, 0.3931961112436693, 0.39610039026569294]}