{"mauve": 0.7494101885209045, "js": 0.4034450897528702, "frontier_integral": 0.563083348700683, "forward": 2.33594270362971, "backward": 2.1854446328172354, "mauve_scores": [0.7431448200180042, 0.7499336809516108, 0.7472034619306903, 0.7588000469998389, 0.7479689327043779], "forward_scores": [2.390186689559863, 2.3390018160222876, 2.2859038051022895, 2.3090475713630068, 2.3555736361011013], "backward_scores": [2.2193714399748408, 2.163284184717688, 2.243000191340264, 2.029197795132044, 2.2723695529213397], "js_scores": [0.4106542802009788, 0.40298607100648454, 0.4062269881733889, 0.3927672124225706, 0.40459089696092776]}