{"mauve": 0.6623448290125842, "js": 0.5042856103546809, "frontier_integral": 0.7062856309939165, "forward": 2.83106250558981, "backward": 2.9460912592803075, "mauve_scores": [0.6633614999915642, 0.6656857391098612, 0.6644039701991038, 0.661579957868814, 0.6566929778935773], "forward_scores": [2.7987550174847096, 2.7941594903441236, 2.783786751391092, 2.848100984100885, 2.9305102846282405], "backward_scores": [3.0343952760306596, 2.8721080335046882, 2.9115591184782, 2.974058984241879, 2.938334884146113], "js_scores": [0.5026965535318881, 0.5007119059450421, 0.5021876178391271, 0.5049938276963717, 0.5108381467609753]}