{"mauve": 0.7697217606576028, "js": 0.3806263412628672, "frontier_integral": 0.5301289806941626, "forward": 2.1649179293076557, "backward": 2.020543689669238, "mauve_scores": [0.768044028085725, 0.7626359852267429, 0.7706843209711116, 0.769294731372047, 0.7779497376323875], "forward_scores": [2.1703670529968253, 2.228726543704048, 2.163661248000828, 2.168837127670126, 2.09299767416645], "backward_scores": [1.989239532161204, 2.067013946420633, 1.9946878837214925, 2.047797160991339, 2.0039799250515227], "js_scores": [0.38294992468475386, 0.388773270673139, 0.3794701033818828, 0.3809327773731747, 0.37100563020138544]}