{"mauve": 0.7496545757123995, "js": 0.40381684198369483, "frontier_integral": 0.5627722863413746, "forward": 2.310862393714063, "backward": 2.143923690168618, "mauve_scores": [0.748065843322549, 0.7505828729112234, 0.7540246985877697, 0.7521047888099999, 0.7434946749304554], "forward_scores": [2.329915103821023, 2.302813339095607, 2.2790952914071174, 2.3143893041225096, 2.3280989301240567], "backward_scores": [2.1580153210782513, 2.135502027826434, 2.0973506606684045, 2.099906841516575, 2.2288435997534246], "js_scores": [0.40551110484816855, 0.4025746615976774, 0.3990833899787076, 0.40101544527116445, 0.41089960822275595]}