{"mauve": 0.7593946091204329, "js": 0.39233589122751783, "frontier_integral": 0.5469144880146531, "forward": 2.230564996847767, "backward": 2.125338583956883, "mauve_scores": [0.7515682292807915, 0.7658763628659624, 0.7597006833480586, 0.7592071617495367, 0.7606206083578144], "forward_scores": [2.2793741822005753, 2.183098522165032, 2.2132369231469387, 2.207891793363963, 2.269223563362326], "backward_scores": [2.1963486333842197, 2.0066757099705987, 2.2370972178052297, 2.170517802654398, 2.016053555969969], "js_scores": [0.4013125971393349, 0.38539594849183656, 0.3914661986225547, 0.3924085909533189, 0.391096120930544]}