{"mauve": 0.7523754448774194, "js": 0.4001328817692363, "frontier_integral": 0.5583425107922807, "forward": 2.242491447445225, "backward": 2.2430002110851897, "mauve_scores": [0.7515352325324427, 0.7518868187124371, 0.7474445223401553, 0.7570701362810428, 0.7539405145210193], "forward_scores": [2.2303368967735833, 2.26119971280613, 2.3163600888558538, 2.219647549894288, 2.18491298889627], "backward_scores": [2.303690473834777, 2.1928518045986984, 2.2924314108679926, 2.1630257329954206, 2.2630016331290617], "js_scores": [0.4009330832232607, 0.4009981786548379, 0.4052146809009064, 0.3949173722842292, 0.3986010937829473]}