{"mauve": 0.7563494601444368, "js": 0.3959691838980128, "frontier_integral": 0.5518959555039509, "forward": 2.2113119461304396, "backward": 2.188693871846043, "mauve_scores": [0.755498769625921, 0.7530282170014736, 0.7596372687851982, 0.7565394243637491, 0.7570436209458422], "forward_scores": [2.2228620387364555, 2.193013429350366, 2.1118754416782424, 2.266506013879949, 2.2623028070071842], "backward_scores": [2.245673662977702, 2.2986415636002766, 2.170835607726199, 2.145554004460428, 2.0827645204656116], "js_scores": [0.3966212644253104, 0.39953868870192866, 0.39284318105519767, 0.3956311253848185, 0.39521165992280877]}