{"mauve": 0.7465317569481953, "js": 0.40728081715841, "frontier_integral": 0.567833475380103, "forward": 2.346365557614652, "backward": 2.145086483520909, "mauve_scores": [0.742202360993387, 0.7459130871525592, 0.7568224649807338, 0.7440713360552689, 0.7436495355590274], "forward_scores": [2.397206104049932, 2.3558219246227368, 2.185130561331172, 2.3841222129698147, 2.409546985099604], "backward_scores": [2.1350564283409685, 2.1921401191700474, 2.1150417461783055, 2.1930832830161386, 2.090110840899087], "js_scores": [0.41232070646338187, 0.4077091791282051, 0.3958896305720888, 0.409725078750219, 0.4107594908781549]}