{"mauve": 0.7653229029769673, "js": 0.3862573574609831, "frontier_integral": 0.5373756489690462, "forward": 2.16987234088718, "backward": 2.015111445980874, "mauve_scores": [0.7672994710111889, 0.7641432066634579, 0.7656249975749934, 0.7653165284522983, 0.7642303111828976], "forward_scores": [2.1791115727399575, 2.1810804595843574, 2.1438865191835546, 2.1348399015224815, 2.2104432514055485], "backward_scores": [2.014175337720375, 1.9838235437116802, 2.098932264828791, 1.992095266200474, 1.9865308174430507], "js_scores": [0.38367319769358343, 0.38790224731236, 0.385349551584841, 0.38692403232610895, 0.3874377583880221]}