{"mauve": 0.7675067328295477, "js": 0.3830561277948858, "frontier_integral": 0.5337626980130233, "forward": 2.132202111845594, "backward": 2.110325363036777, "mauve_scores": [0.7613880270256979, 0.7713409545728984, 0.7709351714330765, 0.7678485980573475, 0.7660209130587181], "forward_scores": [2.132922967791995, 2.128368637208998, 2.0791898866996674, 2.183774749504492, 2.1367543180228163], "backward_scores": [2.1809230592421436, 2.007256780165947, 2.106091967327773, 2.118233976073877, 2.139121032374144], "js_scores": [0.3902356562944211, 0.37908042301224926, 0.3792299294937318, 0.38195874352658876, 0.3847758866474379]}