{"mauve": 0.6678905522857389, "js": 0.49778903211571557, "frontier_integral": 0.6970230072415144, "forward": 2.790614345307255, "backward": 2.891809068855269, "mauve_scores": [0.662824638646903, 0.6681295383983021, 0.6704237605679484, 0.6726805351140289, 0.665394288701512], "forward_scores": [2.8145785566836503, 2.8148784761572188, 2.7376743751604917, 2.7801534820352196, 2.8057868364996934], "backward_scores": [2.9229974026099685, 2.8543450260478633, 2.895077497547076, 2.7841518079088443, 3.0024736101625935], "js_scores": [0.5038328764838087, 0.4975247681172097, 0.4948376852421811, 0.49257295430297, 0.500176876432408]}