{"mauve": 0.7557466486355742, "js": 0.3969076413715835, "frontier_integral": 0.5528977319911939, "forward": 2.2421413202199796, "backward": 2.118802419747169, "mauve_scores": [0.7578440447871633, 0.755164049468203, 0.7537857651931141, 0.7661188611761176, 0.7458205225532732], "forward_scores": [2.25969495835971, 2.2608487302239424, 2.2212272923434693, 2.1326165266193513, 2.3363190935534233], "backward_scores": [2.069955547606372, 2.068259576541716, 2.0885597808634615, 2.1121491790557076, 2.255088014668588], "js_scores": [0.39436396749714175, 0.3977881381930646, 0.3997794458435401, 0.385009440824211, 0.4075972144999601]}