{"mauve": 0.85094039242007, "js": 0.28550130344294145, "frontier_integral": 0.3955992275117056, "forward": 1.4369931445456054, "backward": 1.5430878567560058, "mauve_scores": [0.8650510585365732, 0.85099091155308, 0.849874580294887, 0.8420897056910515, 0.8466957060247584], "forward_scores": [1.3731464753778595, 1.4150988935645348, 1.426495224430899, 1.5357479170342496, 1.4344772123204843], "backward_scores": [1.4153430778719929, 1.5737190066538689, 1.550054370302808, 1.5843506844783755, 1.5919721444729829], "js_scores": [0.2682782704443964, 0.2853446195178562, 0.28698303495710614, 0.2961009215841889, 0.29079967071115975]}