{"mauve": 0.944202192165345, "js": 0.15740057698378654, "frontier_integral": 0.21777073114340414, "forward": 0.9120650568831629, "backward": 0.750898625668049, "mauve_scores": [0.9392995478595378, 0.9443794586225613, 0.9489713075711963, 0.9397273194065021, 0.9486333273669267], "forward_scores": [0.9696356320010299, 0.9341977096532225, 0.8837928295106587, 0.9188743013465129, 0.8538248119043907], "backward_scores": [0.8016221052712559, 0.744869930712941, 0.7248990598422018, 0.7834704081304625, 0.6996316243833833], "js_scores": [0.16494029752232853, 0.15697195070321274, 0.14933445094341757, 0.16504399532583897, 0.15071219042413486]}