{"mauve": 0.9351482354497787, "js": 0.17159291242312807, "frontier_integral": 0.2375195817145928, "forward": 1.0120636001772911, "backward": 0.8065033369014379, "mauve_scores": [0.935751652120424, 0.931601114836923, 0.9299730675497171, 0.93640958829809, 0.9420057544437392], "forward_scores": [1.0164304512749847, 0.9640220477407756, 1.0792695999049866, 0.9942905024990066, 1.006305399466703], "backward_scores": [0.8083582571437541, 0.8967285701719596, 0.8082126560966069, 0.808498595171545, 0.7107186059233244], "js_scores": [0.17059423656124878, 0.17774985820070832, 0.17953700766102115, 0.16953868471195688, 0.1605447749807053]}