{"mauve": 0.9594922258694952, "js": 0.1320376619072622, "frontier_integral": 0.18158866164763615, "forward": 0.7077831173267392, "backward": 0.6136964233980187, "mauve_scores": [0.9673597179980149, 0.9598757108085467, 0.9540908273750006, 0.951390614155277, 0.9647442590106363], "forward_scores": [0.5971436782843514, 0.6727546902314318, 0.7768134611742409, 0.7878497638759171, 0.7043539930677544], "backward_scores": [0.5475335734673937, 0.6017842095206413, 0.6639357345783259, 0.7326863546212538, 0.5225422448024785], "js_scores": [0.11796805406569859, 0.13232246464356426, 0.14177587174197187, 0.14593358131588519, 0.12218833776919112]}