{"mauve": 0.9468137758832874, "js": 0.1535990432166892, "frontier_integral": 0.21194574744418068, "forward": 0.8886300223681936, "backward": 0.6893358449171919, "mauve_scores": [0.9472733223269003, 0.9475159852620079, 0.9520837326092421, 0.9439081414207895, 0.943287697797498], "forward_scores": [0.8747771794616805, 0.9045181221862024, 0.858479230890512, 0.9217643852557742, 0.8836111940467983], "backward_scores": [0.683286708191004, 0.6771975983335856, 0.6401763347968021, 0.7046295412696324, 0.7413890419949354], "js_scores": [0.15322204990813482, 0.15233497788486217, 0.14464020651606949, 0.1580939352618062, 0.15970404651257336]}