{"mauve": 0.691649703649283, "js": 0.4708248002048843, "frontier_integral": 0.6576781646627319, "forward": 2.6924821973786806, "backward": 2.5628727113246184, "mauve_scores": [0.6920040614497288, 0.7021051606211158, 0.6868287041935499, 0.6872573786006888, 0.6900532133813319], "forward_scores": [2.678228980495703, 2.661010273451978, 2.67278241075099, 2.7429402430874887, 2.7074490791072416], "backward_scores": [2.536167092884467, 2.4295902372102742, 2.678280152250129, 2.568971568238384, 2.601354506039841], "js_scores": [0.47067602756121785, 0.45881683048110766, 0.47619593442646035, 0.4759245323255167, 0.47251067623011933]}