{"mauve": 0.9454459571085543, "js": 0.15587267401683216, "frontier_integral": 0.21504869324644119, "forward": 0.8930482566823612, "backward": 0.7086059175558616, "mauve_scores": [0.9451021992077637, 0.9478566857525758, 0.9462696620972401, 0.9382330277854957, 0.9497682106996965], "forward_scores": [0.9254819045289179, 0.8798466072440755, 0.8872247489718669, 0.9248853973572242, 0.8478026253097218], "backward_scores": [0.7007195600967543, 0.6771793512361346, 0.7428525359748841, 0.7475562402812278, 0.6747219001903072], "js_scores": [0.15612710681164432, 0.15188730254365634, 0.1543435215314618, 0.16818077963772307, 0.14882465955967528]}