{"mauve": 0.9488357005158232, "js": 0.15030199808244665, "frontier_integral": 0.207007836511079, "forward": 0.8736710622650288, "backward": 0.6485914881040972, "mauve_scores": [0.9466857376168196, 0.9514455893179545, 0.957210102808137, 0.9454870571428245, 0.9433500156933803], "forward_scores": [0.9070217806297025, 0.8699288136004811, 0.7809401104846018, 0.910652687088183, 0.8998119195221754], "backward_scores": [0.6890769220832962, 0.5991973748543271, 0.5613337985524036, 0.6666547684197325, 0.7266945766107265], "js_scores": [0.15363089384625023, 0.1458680575307567, 0.13656428378019175, 0.1559779889848154, 0.1594687662702191]}