{"mauve": 0.954867284602029, "js": 0.13984484448051843, "frontier_integral": 0.19288747926238542, "forward": 0.8263165027948082, "backward": 0.6162045690658029, "mauve_scores": [0.9562051770675322, 0.9576647727321002, 0.9519326008559859, 0.9544713418708136, 0.9540625304837127], "forward_scores": [0.821844549439236, 0.7970391882649026, 0.870010840026617, 0.8338397078570263, 0.8088482283862594], "backward_scores": [0.5910874642712014, 0.5883269407936884, 0.6441391489345568, 0.6195389926705294, 0.6379302986590389], "js_scores": [0.1374421236844535, 0.13491976196921626, 0.144940807416909, 0.14041172966878074, 0.14150979966323257]}