{"mauve": 0.9532314389207188, "js": 0.14278910805380232, "frontier_integral": 0.19706726294556168, "forward": 0.8112538526538968, "backward": 0.6641934766605471, "mauve_scores": [0.9494372723017148, 0.9487921958853119, 0.9566890740571815, 0.9551397816925328, 0.9560988706668528], "forward_scores": [0.8586220654250577, 0.8995672181463642, 0.7464137063088238, 0.7763142905419468, 0.7753519828472913], "backward_scores": [0.7205593403076517, 0.6754886489413922, 0.6574496390807575, 0.6441484590113608, 0.6233212959615732], "js_scores": [0.1489691639469543, 0.15003646070178972, 0.13694081254337798, 0.13982023950962763, 0.1381788635672619]}