{"mauve": 0.955661127156716, "js": 0.1387977850942679, "frontier_integral": 0.1910611756945535, "forward": 0.7935002949397758, "backward": 0.6001217643860642, "mauve_scores": [0.9599311174359775, 0.9573699778584608, 0.9516784202111784, 0.9514409108370707, 0.9578852094408923], "forward_scores": [0.7423838345574604, 0.7579208621019632, 0.871103752234979, 0.8375789315224867, 0.7585140942819895], "backward_scores": [0.578477099541517, 0.5637892170004171, 0.6053292539886581, 0.625551143347093, 0.6274621080526361], "js_scores": [0.13126021101051985, 0.13649879882069077, 0.1453878013670099, 0.146132573515956, 0.13470954075716302]}