{"mauve": 0.9515691255132142, "js": 0.14532051936399726, "frontier_integral": 0.20051233140446176, "forward": 0.8373242525913362, "backward": 0.6563778170769211, "mauve_scores": [0.9377703139975615, 0.9592963947356618, 0.957644744739439, 0.9512650681985515, 0.9518691058948574], "forward_scores": [0.976221819348283, 0.7577398710880333, 0.8016651620287845, 0.8494000909660077, 0.8015943195255724], "backward_scores": [0.8133074816227157, 0.5665620828689456, 0.5992867603407847, 0.6271655379996071, 0.6755672225525523], "js_scores": [0.1675320826297665, 0.13257400351436877, 0.1345994448816047, 0.14621180354305718, 0.14568526225118916]}