{"mauve": 0.9469943217245878, "js": 0.15333460552329403, "frontier_integral": 0.21161903743174687, "forward": 0.8758031446969362, "backward": 0.7081872128983073, "mauve_scores": [0.9447418004667688, 0.948802623619491, 0.9437702615641772, 0.9461435975785857, 0.9515133253939156], "forward_scores": [0.9207846134246997, 0.8725102952914028, 0.9002226836644541, 0.8371403301781487, 0.8483578009259753], "backward_scores": [0.6777479318577881, 0.6944713571304726, 0.751595267257792, 0.7689276701175931, 0.648193838127891], "js_scores": [0.15699944270126076, 0.15029225728279888, 0.15878614258273696, 0.15486196539010322, 0.14573321965957026]}