{"mauve": 0.9575174461454189, "js": 0.13528535288671822, "frontier_integral": 0.18647085738502367, "forward": 0.7664079885999525, "backward": 0.6082685464859507, "mauve_scores": [0.9552066395636403, 0.9575505278019822, 0.95503508373517, 0.9652412865492412, 0.9545536930770615], "forward_scores": [0.8317421392312107, 0.7594399336984223, 0.7520788749202976, 0.6722409656224599, 0.8165380295273719], "backward_scores": [0.5842198139800099, 0.6163721640359798, 0.6832331744627302, 0.5589962094114751, 0.5985213705395589], "js_scores": [0.13915808505607835, 0.13538583583868632, 0.14000499278531858, 0.12118431271275307, 0.1406935380407548]}