{"mauve": 0.9487128483253559, "js": 0.15028261506652826, "frontier_integral": 0.2072976830861175, "forward": 0.8670872264541124, "backward": 0.6728539344562859, "mauve_scores": [0.9457065251794, 0.9449073506610892, 0.9470404038445667, 0.9603136796710969, 0.9455962822706263], "forward_scores": [0.8861025055328224, 0.9306412627033003, 0.9353698416606753, 0.7148900145197409, 0.8684325078540227], "backward_scores": [0.6883529539232031, 0.738558503201132, 0.631127757377046, 0.6025584645642722, 0.7036719932157766], "js_scores": [0.15572637779148135, 0.15593371737347245, 0.1530255156556754, 0.13076168245882022, 0.15596578205319195]}