{"mauve": 0.9526779017877663, "js": 0.14356649815422212, "frontier_integral": 0.19787263475296682, "forward": 0.8214837720646706, "backward": 0.6363160339172624, "mauve_scores": [0.9527769121519227, 0.941002268351618, 0.9579288695973792, 0.9639891820578457, 0.9476922767800655], "forward_scores": [0.8692608300011372, 0.9573267512286204, 0.7583311771641191, 0.6838705221253714, 0.8386295798041055], "backward_scores": [0.6418728103295946, 0.7285806670542689, 0.5784553671461113, 0.5363411253644463, 0.6963301996918906], "js_scores": [0.14320378168079317, 0.16276484000652847, 0.13512031364798244, 0.12409837487065797, 0.15264518056514864]}