{"mauve": 0.9523467751025173, "js": 0.14397798477016405, "frontier_integral": 0.19897890552443057, "forward": 0.8279495181130949, "backward": 0.6838959552342196, "mauve_scores": [0.9541692923056828, 0.9513268596373032, 0.9487103468473693, 0.9486610801256878, 0.9588662965965429], "forward_scores": [0.8163254737757724, 0.8295207707354066, 0.8405272845632108, 0.8526642607587746, 0.8007098007323104], "backward_scores": [0.6643316618947535, 0.6898563986344661, 0.7237866250180952, 0.7669745529417783, 0.5745305376820049], "js_scores": [0.14095743659045118, 0.1459730786157115, 0.15049444084688038, 0.15003675956511117, 0.1324282082326661]}