{"mauve": 0.9339034237469465, "js": 0.1745871574264303, "frontier_integral": 0.24058513693027575, "forward": 0.9606099102703141, "backward": 0.8031963099687027, "mauve_scores": [0.9418114234170646, 0.9370647552389813, 0.9284106699970472, 0.9350855802531306, 0.9271446898285086], "forward_scores": [0.9445419721562879, 0.9023974941876288, 1.0220107034980581, 0.9559595965850068, 0.978139784924589], "backward_scores": [0.7215611176392087, 0.7828682334525945, 0.8718635123618578, 0.7851686747964842, 0.8545200115933688], "js_scores": [0.16156976161218856, 0.1703828559342777, 0.18251519641619518, 0.1728789386171374, 0.18558903455235248]}