{"mauve": 0.952611023921896, "js": 0.14414439891111813, "frontier_integral": 0.19853398245438042, "forward": 0.7876549810509996, "backward": 0.678216035994141, "mauve_scores": [0.9564301241375708, 0.951064429787884, 0.9487279162612612, 0.9454270923208992, 0.9614055571018651], "forward_scores": [0.7638639329322927, 0.7654044087166048, 0.8186404541828761, 0.8794508742492484, 0.7109152351739758], "backward_scores": [0.6238588492821561, 0.7383764874424026, 0.7088288231186848, 0.7389886229018751, 0.5810273972255868], "js_scores": [0.13769088701745918, 0.14711086637075757, 0.15102379907061272, 0.15619241700268618, 0.12870402509407497]}