{"mauve": 0.7172798533793016, "js": 0.43999720134046727, "frontier_integral": 0.6152857439341023, "forward": 2.315517699278119, "backward": 2.717613127682249, "mauve_scores": [0.7201165629041978, 0.7155669697223823, 0.7131844733954611, 0.7167777268328921, 0.7207535340415745], "forward_scores": [2.3061213598631927, 2.266129419941131, 2.301487378567289, 2.3533853305676526, 2.3504650074513287], "backward_scores": [2.7028313812863782, 2.822603227774179, 2.7808527768179254, 2.667413284928943, 2.6143649676038194], "js_scores": [0.4366253412981563, 0.44171689784002055, 0.4447620277172738, 0.4406435275442103, 0.4362382123026759]}