{"mauve": 0.95434576664636, "js": 0.1405344306943756, "frontier_integral": 0.19405944187604585, "forward": 0.814264360752506, "backward": 0.6408746047579035, "mauve_scores": [0.9544513966783367, 0.9471797602765707, 0.9505723132020092, 0.96216495786126, 0.9573604052136235], "forward_scores": [0.7913860733174303, 0.8939756497036253, 0.854962431307567, 0.7237575600121552, 0.8072400894217512], "backward_scores": [0.6369210810604514, 0.7048159632431622, 0.7077596426250276, 0.5516436729117372, 0.6032326639491391], "js_scores": [0.14092980652868048, 0.15263829437594, 0.14691066714218126, 0.1271596252636339, 0.13503376016144247]}