{"mauve": 0.9344868741951636, "js": 0.17383056212693543, "frontier_integral": 0.23959606947158285, "forward": 0.9380797740267044, "backward": 0.8210639242024426, "mauve_scores": [0.9350520588587239, 0.9334635042299035, 0.9280726907050305, 0.9396697175994673, 0.9361763995826927], "forward_scores": [0.9188859957354453, 0.9494875485035646, 1.0183136503803485, 0.8635912683275482, 0.9401204071866157], "backward_scores": [0.8218217839241377, 0.8410082887080899, 0.8527147321012467, 0.7991762866940912, 0.7905985295846473], "js_scores": [0.17310169489039484, 0.17537816986740312, 0.18338505942427852, 0.16614513973357037, 0.17114274671903024]}