{"mauve": 0.6754297500204192, "js": 0.4894239378248445, "frontier_integral": 0.6844770035796884, "forward": 2.8242966377661443, "backward": 2.699630804054139, "mauve_scores": [0.676552836939426, 0.6685015008274092, 0.6869204025071718, 0.6735022936877887, 0.6716717161402999], "forward_scores": [2.8017129688710933, 2.703591910896773, 2.795926934993025, 2.897237149388815, 2.923014224681015], "backward_scores": [2.6430984639653694, 2.9290089952498928, 2.5317423543376085, 2.6596284921991082, 2.7346757145187155], "js_scores": [0.4885663587591983, 0.4974052780002489, 0.47632190701149124, 0.49155618497855513, 0.493269960374729]}