{"mauve": 0.9601219849252856, "js": 0.1312488093418448, "frontier_integral": 0.17992256099337223, "forward": 0.7144969482281585, "backward": 0.5551664099680447, "mauve_scores": [0.9686485454474627, 0.9551571029033741, 0.9661409645312368, 0.9561428004670767, 0.9545205112772771], "forward_scores": [0.6197906456619612, 0.7838444368516908, 0.6501835465688419, 0.7407696536662164, 0.7778964583920823], "backward_scores": [0.469220199383428, 0.6105723663086011, 0.4954976281412866, 0.6076695679289723, 0.5928722880779351], "js_scores": [0.11544815626266161, 0.1400874647212762, 0.12041244607718073, 0.13884446589420574, 0.14145151375389975]}