{"mauve": 0.9544636092096324, "js": 0.1404928607887745, "frontier_integral": 0.1937279415882987, "forward": 0.8292451088474303, "backward": 0.6147637505485747, "mauve_scores": [0.9579210412344175, 0.9489827104065893, 0.9569130009751082, 0.9551782952780987, 0.9533229981539479], "forward_scores": [0.7455717239960113, 0.9320030294632488, 0.8303633081338053, 0.8093414029820265, 0.8289460796620592], "backward_scores": [0.6292017488616104, 0.6228477943990748, 0.5738836558973649, 0.6498455709230906, 0.598039982661733], "js_scores": [0.134814960484659, 0.1492048881706438, 0.1361727183460554, 0.13934084782466594, 0.14293088911784824]}