{"mauve": 0.7137012739367947, "js": 0.44558400339101434, "frontier_integral": 0.6215330129396163, "forward": 2.4632189223881165, "backward": 2.444930174775236, "mauve_scores": [0.7170214492062189, 0.7244704861994061, 0.706375610901397, 0.7060154480222478, 0.7146233753547038], "forward_scores": [2.46807526133997, 2.3790034999815224, 2.476027718500204, 2.5434125249971165, 2.4495756071217687], "backward_scores": [2.3605565477850807, 2.3357209058309345, 2.542195921805586, 2.503279403608101, 2.482898094846477], "js_scores": [0.44207727026850313, 0.43349715682361933, 0.4540742018679278, 0.4541462436827004, 0.444125144312321]}