{"mauve": 0.9560411385624071, "js": 0.13807750358514778, "frontier_integral": 0.190215567432216, "forward": 0.7759815683388995, "backward": 0.6210075802590598, "mauve_scores": [0.958833603807768, 0.9606479304961713, 0.955225872904099, 0.9508793680141052, 0.9546189175898924], "forward_scores": [0.7423423025665408, 0.7355692231081414, 0.7986584978131553, 0.8557785651835849, 0.7475592530230751], "backward_scores": [0.5931388127017982, 0.6077136489759462, 0.6191821590084644, 0.6203830737890811, 0.6646202068200093], "js_scores": [0.13336057158299167, 0.1295629069063157, 0.13960914767709706, 0.14677592125259564, 0.1410789705067389]}