{"mauve": 0.6820197789778516, "js": 0.48206458087213094, "frontier_integral": 0.6735886562053329, "forward": 2.7352782968923943, "backward": 2.651138159855729, "mauve_scores": [0.6847310489246478, 0.6768445931217384, 0.6810214947664364, 0.6841649817824988, 0.6833367762939369], "forward_scores": [2.72583082391788, 2.6569557382743008, 2.758784712266843, 2.725996039706189, 2.8088241702967593], "backward_scores": [2.62595370895537, 2.7679889134276503, 2.6867267851914995, 2.582759986149962, 2.5922614055541633], "js_scores": [0.47885605014112076, 0.4883286967855531, 0.4829819325314101, 0.4798794398666107, 0.4802767850359603]}