{"mauve": 0.8976336348335445, "js": 0.2260145344282929, "frontier_integral": 0.31249996569867605, "forward": 1.2132530929789265, "backward": 1.1177686268225488, "mauve_scores": [0.9086488011513634, 0.9006247166853804, 0.9007652666882751, 0.8831189999762954, 0.8950103896664084], "forward_scores": [1.1395827541270802, 1.1972345021764244, 1.18070872074527, 1.2845680552328278, 1.264171432613031], "backward_scores": [1.045816730697695, 1.1074923596722812, 1.1034763952344326, 1.2125946628751834, 1.1194629856331524], "js_scores": [0.2111993816953131, 0.221901321800554, 0.22186196583055434, 0.24569858869923095, 0.22941141411581206]}