{"mauve": 0.9439429970473782, "js": 0.1582125923499539, "frontier_integral": 0.21822515258598024, "forward": 0.9266971571731146, "backward": 0.7022264224949568, "mauve_scores": [0.9488567259637846, 0.9351613609959102, 0.9516992783480878, 0.9436842986694536, 0.9403133212596553], "forward_scores": [0.8519977053064801, 1.0520663824317988, 0.8438603327481229, 0.9264980665410717, 0.9590632988380993], "backward_scores": [0.6805127547428895, 0.7773675619376297, 0.6233650088844827, 0.7162702320656056, 0.7136165548441771], "js_scores": [0.15075836894327227, 0.17162086279378827, 0.14573404299820694, 0.15868601922662534, 0.16426366778787688]}