{"mauve": 0.9536677714817596, "js": 0.14174562080380715, "frontier_integral": 0.19581432341224597, "forward": 0.8094170569819121, "backward": 0.6616471074246142, "mauve_scores": [0.9580607648451668, 0.9538104811796921, 0.9557928971017275, 0.9565444139487678, 0.9441303003334443], "forward_scores": [0.7746595193491714, 0.8038179838476839, 0.8210673478130265, 0.7749799806077489, 0.8725604532919299], "backward_scores": [0.6008991335322578, 0.6872278929833572, 0.634535176618401, 0.6191506468085123, 0.7664226871805427], "js_scores": [0.13420815777791617, 0.14154902836790018, 0.13798006019367254, 0.1370429664375371, 0.1579478912420097]}