{"mauve": 0.9455632935832142, "js": 0.15593043559845382, "frontier_integral": 0.21489807273297706, "forward": 0.8820438426605918, "backward": 0.7044095635751229, "mauve_scores": [0.9409800502669596, 0.948160077367912, 0.9475472681508527, 0.9410663049583365, 0.9500627671720105], "forward_scores": [0.9421203126731239, 0.8541021115041519, 0.8520223586920745, 0.9375160932988803, 0.8244583371347283], "backward_scores": [0.7079467888629718, 0.6800475300654255, 0.6829308740391556, 0.7804243976511, 0.6706982272569608], "js_scores": [0.16347326182253263, 0.15193506941961443, 0.1529069650022789, 0.16262594299649308, 0.14871093875135005]}