{"mauve": 0.7135160150572885, "js": 0.445800712820325, "frontier_integral": 0.6218349248871116, "forward": 2.5030690758540795, "backward": 2.412286505618965, "mauve_scores": [0.7306264133613787, 0.7053907624066247, 0.7127141400792721, 0.7088342561498047, 0.7100145032893626], "forward_scores": [2.3675979869617607, 2.5646713819366127, 2.5105006014972777, 2.598636343341735, 2.473939065533013], "backward_scores": [2.2280035516231482, 2.4854718740269974, 2.4074537404243923, 2.4521993905459496, 2.488303971474337], "js_scores": [0.4267824876237457, 0.4549972255649325, 0.4468416864532412, 0.45062523471942156, 0.44975692974028414]}