{"mauve": 0.9301691496017647, "js": 0.18032285989507402, "frontier_integral": 0.2484406178943172, "forward": 0.9866021721621724, "backward": 0.8295604362275064, "mauve_scores": [0.9335098070053557, 0.9278541626189214, 0.9407684709957473, 0.9177575275818954, 0.9309557798069035], "forward_scores": [0.9426737948665422, 1.0151116813075485, 0.9414952753981972, 1.0562029031243105, 0.9775272061142632], "backward_scores": [0.8014756549260605, 0.8238747553816657, 0.725223534342126, 0.9808209700933644, 0.8164072663943154], "js_scores": [0.17586593002610562, 0.18405620959787017, 0.1636805917935405, 0.1985779004858581, 0.17943366757199575]}