{"mauve": 0.6793204448532609, "js": 0.48530051760314186, "frontier_integral": 0.678064283922287, "forward": 2.782383490428469, "backward": 2.629377214249819, "mauve_scores": [0.6819891993594294, 0.6824709351708234, 0.6778356944116046, 0.675344822700166, 0.6789615726242808], "forward_scores": [2.7537769532321335, 2.697032422820878, 2.765064910428689, 2.879475729668865, 2.8165674359917805], "backward_scores": [2.5948082828963495, 2.6164162479146738, 2.661949619982537, 2.6504216345618055, 2.6232902858937313], "js_scores": [0.482349619988807, 0.4821162056000562, 0.4870649471946416, 0.48956862220680286, 0.4854031930254018]}