{"mauve": 0.9515727707870685, "js": 0.14565684855055272, "frontier_integral": 0.20072055420922394, "forward": 0.8302801657279011, "backward": 0.6465461422066922, "mauve_scores": [0.9449524208336009, 0.9590301027051097, 0.9514747163016875, 0.9574566847311764, 0.9449499293637684], "forward_scores": [0.8704830549683779, 0.794179765921644, 0.8453204477747809, 0.7796819285403503, 0.8617356314343526], "backward_scores": [0.7163350502425935, 0.5661280476376144, 0.6436112857438603, 0.5699777332467997, 0.7366785941625928], "js_scores": [0.15713940086620257, 0.1324365076496393, 0.14580865547314875, 0.1358727957665824, 0.15702688299719064]}