{"mauve": 0.9560028666280346, "js": 0.13819288081848347, "frontier_integral": 0.19039069579475149, "forward": 0.7899054584789054, "backward": 0.6133736660671909, "mauve_scores": [0.9543356489268467, 0.9575263338018738, 0.9583378666663319, 0.9551208715199928, 0.9546936122251268], "forward_scores": [0.7697494262942461, 0.7836392844697196, 0.7902274789911861, 0.773783152663076, 0.8321279499762987], "backward_scores": [0.6559657667240995, 0.5815084757015118, 0.5958481552715716, 0.6265969503696048, 0.6069489822691667], "js_scores": [0.14160847602189297, 0.13542842043214667, 0.13373126494105547, 0.14012239831015186, 0.1400738443871704]}