{"mauve": 0.8610731522955927, "js": 0.27334343765843166, "frontier_integral": 0.3782606169945041, "forward": 1.3732381016805113, "backward": 1.460017030693257, "mauve_scores": [0.8620433417583879, 0.8597548248060182, 0.8612563203964536, 0.8604967776138344, 0.8618144969032696], "forward_scores": [1.4096718831621855, 1.362979702593445, 1.3997420443412045, 1.370480844169449, 1.323316034136274], "backward_scores": [1.435203641649288, 1.4736496517826694, 1.4214417620598736, 1.454299811798905, 1.5154902861755486], "js_scores": [0.27189625430049813, 0.2751853267968324, 0.27326071641415206, 0.2742505594700823, 0.2721243313105933]}