{"mauve": 0.5794103911118088, "js": 0.5938346296628338, "frontier_integral": 0.848689826258779, "mauve_scores": [0.587458862768862, 0.5836649354695063, 0.5798733140604794, 0.5821216905952271, 0.5639331526649695], "js_scores": [0.5832886370099357, 0.5878778622743002, 0.5933171538307431, 0.591497351031989, 0.613192144167201]}