{"mauve": 0.5702883359937401, "js": 0.6043826045128096, "frontier_integral": 0.8653385196191985, "mauve_scores": [0.5583436369091309, 0.5724979315140661, 0.5731329952290765, 0.5718258910201476, 0.5756412252962788], "js_scores": [0.6191237765166393, 0.6012330663563732, 0.6010702157597172, 0.6029700546455943, 0.5975159092857238]}