{"mauve": 0.5764481416037257, "js": 0.5970548639870329, "frontier_integral": 0.8540439350040288, "mauve_scores": [0.5764726303295206, 0.57709972819107, 0.579383465917973, 0.571024231417896, 0.5782606521621688], "js_scores": [0.5969900873076471, 0.59631104044006, 0.5936174884522072, 0.6033439046898738, 0.5950117990453765]}