{"mauve": 0.558131138371696, "js": 0.6190351272025468, "frontier_integral": 0.8877631152183412, "mauve_scores": [0.5571243513641273, 0.5638102519462083, 0.5586248063519276, 0.5539016049725111, 0.5571946772237064], "js_scores": [0.6203727933674766, 0.6124324410591907, 0.6178204040155806, 0.6243279675457163, 0.6202220300247704]}