{"mauve": 0.5654249020485347, "js": 0.6104766124842176, "frontier_integral": 0.8742479604383766, "mauve_scores": [0.5659600555881088, 0.5683046253725295, 0.5578767798205835, 0.5646614931098054, 0.5703215563516464], "js_scores": [0.6099805937807022, 0.606846508260015, 0.6198976552874622, 0.6109092394242499, 0.6047490656686584]}