{"mauve": 0.567662943881395, "js": 0.6075340310101124, "frontier_integral": 0.8701286223465514, "mauve_scores": [0.5720507681359602, 0.5716518201661951, 0.5622405087781898, 0.5682437584182439, 0.5641278639083863], "js_scores": [0.6020359483832983, 0.6025685174219129, 0.614208242855021, 0.6070131908136456, 0.6118442555766842]}