{"mauve": 0.5555457663037562, "js": 0.6219069880813604, "frontier_integral": 0.8925947599130707, "mauve_scores": [0.5577731767708616, 0.5516070116054738, 0.5529812923334146, 0.5490179095762757, 0.566349441232755], "js_scores": [0.6188701500390374, 0.6265944540144439, 0.6254125999860587, 0.6304153654291103, 0.6082423709381515]}