{"mauve": 0.5671187417745742, "js": 0.6082213642401673, "frontier_integral": 0.8711128479729439, "mauve_scores": [0.5603410757805305, 0.5666018625262297, 0.5761246803351774, 0.5639924924109349, 0.5685335978199982], "js_scores": [0.6159223877521907, 0.6096846918832364, 0.5965380092662499, 0.6126016075448688, 0.6063601247542907]}