{"mauve": 0.5633427157889057, "js": 0.612656935279559, "frontier_integral": 0.8781298533935373, "mauve_scores": [0.55290922399981, 0.5676573692805331, 0.5712468895827396, 0.557517462083076, 0.5673826339983696], "js_scores": [0.6257617448319048, 0.6075870561367095, 0.6025117218859799, 0.6197278331116842, 0.6076963204315168]}