{"mauve": 0.5726893040183756, "js": 0.601701075087661, "frontier_integral": 0.8609409838690135, "mauve_scores": [0.5679978542485252, 0.5670246340205896, 0.5734320748372213, 0.579508509132798, 0.5754834478527433], "js_scores": [0.6071983663741237, 0.609361871493201, 0.6003438014291176, 0.5936637175173387, 0.5979376186245238]}