{"mauve": 0.5689866343010642, "js": 0.6057899703924681, "frontier_integral": 0.8676954657360229, "mauve_scores": [0.5708921040451385, 0.5710286357956241, 0.5686366923248466, 0.5684678244439518, 0.5659079148957602], "js_scores": [0.6034550958470475, 0.6030613636878409, 0.6060664370331914, 0.6068408174783999, 0.6095261379158604]}