{"mauve": 0.5702260986128742, "js": 0.6048383589527205, "frontier_integral": 0.8654166654395163, "mauve_scores": [0.5684274321376985, 0.5704044397236392, 0.5677932715204175, 0.5673860855796471, 0.5771192641029683], "js_scores": [0.6073169823536714, 0.6044700836770398, 0.6074519640392522, 0.6087255774381751, 0.5962271872554636]}