{"mauve": 0.5781749962559289, "js": 0.5952224960902308, "frontier_integral": 0.8508836490859997, "mauve_scores": [0.5811146998718777, 0.5810556506356707, 0.5785985918605443, 0.570329452144426, 0.5797765867671258], "js_scores": [0.5920760037899266, 0.5915460704594987, 0.5951612883154962, 0.6044497278600158, 0.5928793900262167]}