{"mauve": 0.570894179967374, "js": 0.603981959839171, "frontier_integral": 0.8641907614085383, "mauve_scores": [0.5616408869959316, 0.5684900027975827, 0.5766032247917228, 0.5789493701135477, 0.5687874151380852], "js_scores": [0.6154950686245155, 0.6074077404452944, 0.5964229133542307, 0.594218638268575, 0.6063654385032393]}