{"mauve": 0.5624536090188558, "js": 0.6132343236987645, "frontier_integral": 0.8797406273240764, "mauve_scores": [0.5559470109923157, 0.5680015721505176, 0.5595662097717171, 0.5668581057404669, 0.5618951464392616], "js_scores": [0.6219101493801157, 0.6064899711581989, 0.6164327587032303, 0.6078806541910161, 0.6134580850612615]}