{"mauve": 0.5661376731489749, "js": 0.6090703250673677, "frontier_integral": 0.8729622065432684, "mauve_scores": [0.5668612560030344, 0.5681299855641304, 0.567152483127229, 0.5604572902157798, 0.5680873508347013], "js_scores": [0.6084438172558626, 0.6070702967617359, 0.6075669936289518, 0.6158975529348288, 0.6063729647554597]}