{"mauve": 0.572677182683837, "js": 0.6016915062634064, "frontier_integral": 0.8609516861477451, "mauve_scores": [0.5727601272630223, 0.573331365249464, 0.5653979338452748, 0.5659928440227471, 0.5859036430386771], "js_scores": [0.601925366730724, 0.6003321397355155, 0.610592984233842, 0.6100194770012106, 0.5855875636157404]}