{"mauve": 0.5627450741861469, "js": 0.6145305389260788, "frontier_integral": 0.8792115712558564, "mauve_scores": [0.5568808032200434, 0.5634714674561107, 0.5714372062078026, 0.5584371283756482, 0.5634987656711301], "js_scores": [0.6221834057765847, 0.6136641723034759, 0.6036897019709292, 0.6195642836421321, 0.6135511309372719]}