{"mauve": 0.564440909475753, "js": 0.6117673692960965, "frontier_integral": 0.8760698732635397, "mauve_scores": [0.570014952218068, 0.5523288535975298, 0.5603580018068747, 0.5733552909888107, 0.5661474487674818], "js_scores": [0.605006143135288, 0.6271627364079494, 0.6166370393887328, 0.6006660427451507, 0.609364884803362]}