{"mauve": 0.5732238200078855, "js": 0.6011232692457626, "frontier_integral": 0.8599485214209688, "mauve_scores": [0.5690661571717145, 0.5834094322784403, 0.5788521606013011, 0.5635232951188132, 0.5712680548691587], "js_scores": [0.6062390761630571, 0.5888425154565229, 0.5939619277546209, 0.6131944506022731, 0.6033783762523397]}