{"mauve": 0.5738666827842781, "js": 0.6008939123307651, "frontier_integral": 0.8587661452474734, "mauve_scores": [0.5699528020752489, 0.5732070430651134, 0.5764880311735279, 0.575651987065906, 0.5740335505415948], "js_scores": [0.6053591181181508, 0.6020431201159666, 0.5976570100327814, 0.5988481900770481, 0.6005621233098783]}