{"mauve": 0.528378860707474, "js": 0.6566037333199675, "frontier_integral": 0.9440777536850113, "mauve_scores": [0.5236798904647412, 0.5219613102249469, 0.529349388384442, 0.5311944354045229, 0.5357092790587168], "js_scores": [0.6626866176702968, 0.6645732554262551, 0.655309980638245, 0.6531486453420662, 0.6473001675229741]}