{"mauve": 0.5614165416615833, "js": 0.6152378551865645, "frontier_integral": 0.8816846436671624, "mauve_scores": [0.5649902331336506, 0.5663511195265721, 0.5624686953896748, 0.5614512748472753, 0.5518213854107437], "js_scores": [0.6106302562477932, 0.6091725456309602, 0.6143898141481756, 0.6151261116481026, 0.6268705482577904]}