{"mauve": 0.5659635899962777, "js": 0.6100303758535297, "frontier_integral": 0.8732579456147315, "mauve_scores": [0.562085460675094, 0.5669839217144406, 0.5720825627484867, 0.5680715034257466, 0.5605945014176209], "js_scores": [0.6149767973136804, 0.6083361078271619, 0.6023364425310358, 0.607777887902286, 0.6167246436934841]}