{"mauve": 0.5749689105551166, "js": 0.5988665190801844, "frontier_integral": 0.8567363312028252, "mauve_scores": [0.5791154244155341, 0.5746203692258948, 0.5772585883584976, 0.5763598804645358, 0.5674902903111212], "js_scores": [0.5947790919970457, 0.5993289047074939, 0.5954926665540927, 0.5967822153361613, 0.6079497168061284]}