{"mauve": 0.5459242262503714, "js": 0.6346416696797036, "frontier_integral": 0.9104997996662426, "mauve_scores": [0.5395605256118184, 0.5494874193045557, 0.5504322863146331, 0.5437853605450237, 0.5463555394758264], "js_scores": [0.6422873467251569, 0.6306069399397934, 0.6290433910262806, 0.6369934323886199, 0.6342772383186672]}