{"mauve": 0.5244984436252509, "js": 0.6615326550612599, "frontier_integral": 0.9516317588507646, "mauve_scores": [0.5275929294724224, 0.5169528545717235, 0.5158766965955137, 0.5320540020248434, 0.5300157354617516], "js_scores": [0.6577927273269156, 0.6709545208244866, 0.6726299476665072, 0.651800981961076, 0.654485097527314]}