{"mauve": 0.542606103567554, "js": 0.6381339728065669, "frontier_integral": 0.9168981416744864, "mauve_scores": [0.5433513533502301, 0.5418152993045308, 0.5404699153506929, 0.540703855602183, 0.5466900942301327], "js_scores": [0.6376060422460295, 0.6387557337141638, 0.6408899676209661, 0.6404760303165627, 0.6329420901351124]}