{"mauve": 0.5329215681069105, "js": 0.6507423705451165, "frontier_integral": 0.9353094651483241, "mauve_scores": [0.5293926577931133, 0.5262834657483554, 0.5338571402306023, 0.5398268284141152, 0.5352477483483664], "js_scores": [0.6555560245478338, 0.6595814958979334, 0.6488915104423458, 0.6420044073107405, 0.6476784145267295]}