{"mauve": 0.5628527739114102, "js": 0.6134828400766257, "frontier_integral": 0.8789970069413104, "mauve_scores": [0.5668642007211763, 0.5600882742831924, 0.5618241874046677, 0.5628603259148898, 0.5626268812331248], "js_scores": [0.6087625795407257, 0.6166893635771262, 0.6148093651188695, 0.6132879449113493, 0.6138649472350572]}