{"mauve": 0.5645019961608856, "js": 0.6114309340073301, "frontier_integral": 0.8760027855954473, "mauve_scores": [0.5644127253347826, 0.5760997488799601, 0.5601934873961671, 0.5651373995120275, 0.5566666196814907], "js_scores": [0.6109662341074515, 0.5980993277071736, 0.6167609865052139, 0.6102164375011923, 0.6211116842156188]}