{"mauve": 0.5723152932222588, "js": 0.6022963541723592, "frontier_integral": 0.8615900568690164, "mauve_scores": [0.5709729484114113, 0.5761619115521719, 0.5683201720992036, 0.5717069727576484, 0.5744144612908584], "js_scores": [0.6039339539809168, 0.5981395291507612, 0.6069189433667237, 0.6026730876551125, 0.5998162567082812]}