{"mauve": 0.5554730963614138, "js": 0.6228411811743795, "frontier_integral": 0.8927505148664261, "mauve_scores": [0.5672987307112298, 0.5548400127245975, 0.5489514783660093, 0.5494195143773288, 0.5568557456279037], "js_scores": [0.6085814774082494, 0.6236377388348002, 0.6304390604338576, 0.6308331956797075, 0.6207144335152828]}