{"mauve": 0.537043976910954, "js": 0.6455970452073798, "frontier_integral": 0.927408211742516, "mauve_scores": [0.543054621465686, 0.5376615973972358, 0.5372170565513963, 0.5339220370215092, 0.5333645721189427], "js_scores": [0.63793716867792, 0.6448723117477504, 0.6448044530516328, 0.6498954874819577, 0.6504758050776382]}