{"mauve": 0.5034263390941514, "js": 0.6885602792274607, "frontier_integral": 0.9931348233915711, "mauve_scores": [0.5039459994965985, 0.5052281581693614, 0.5044574117709766, 0.5008211882247622, 0.502678937809058], "js_scores": [0.6877203373373972, 0.6861217730672595, 0.687281827980478, 0.6920225102707076, 0.6896549474814608]}