{"mauve": 0.5940571703244549, "js": 0.5765228036269445, "frontier_integral": 0.8222447782762693, "mauve_scores": [0.585596363697837, 0.6018774494833518, 0.5996336752063024, 0.5853867507274764, 0.5977916125073068], "js_scores": [0.5863447066588324, 0.567775864650602, 0.569372833644815, 0.5867548355892107, 0.5723657775912623]}