{"mauve": 0.5653862898194457, "js": 0.6109055476561893, "frontier_integral": 0.8743042026757724, "mauve_scores": [0.5554006540119966, 0.5752658869572781, 0.5750191695126394, 0.5536357988733627, 0.5676099397419516], "js_scores": [0.6230539280498857, 0.5989456543391483, 0.5986095429482152, 0.6255614667828686, 0.6083571461608286]}