{"mauve": 0.5755237695266632, "js": 0.5979922333594935, "frontier_integral": 0.8557344380972097, "mauve_scores": [0.5810274650329413, 0.5708746051771324, 0.5789670423927369, 0.5704198653931314, 0.576329869637374], "js_scores": [0.5913098684739911, 0.6036643218095239, 0.5939128617495087, 0.6040991831777947, 0.5969749315866492]}