{"mauve": 0.7476259952433345, "js": 0.4069372063829628, "frontier_integral": 0.5662745659812359, "forward": 2.1568650449249454, "backward": 2.233196859151474, "mauve_scores": [0.7421907533285664, 0.7485032002070295, 0.7530315590705512, 0.7354135307073194, 0.7589909329032063], "forward_scores": [2.199260508357104, 2.0651653337909956, 2.1471063600774687, 2.252170732961163, 2.1206222894379954], "backward_scores": [2.3103931559204014, 2.2699230561780914, 2.1770814314519074, 2.27024292455027, 2.1383437276566997], "js_scores": [0.41283581916656786, 0.406267648313979, 0.4005966068019648, 0.4213534658537237, 0.3936324917785789]}