{"mauve": 0.9461702573940258, "js": 0.1544921660613142, "frontier_integral": 0.21287566499952337, "forward": 0.8713668202163912, "backward": 0.700016478567938, "mauve_scores": [0.961923043094985, 0.9525058787253218, 0.930199283415506, 0.9441548482045923, 0.9420682335297244], "forward_scores": [0.7121632087346288, 0.7978149916894562, 1.0541449262113216, 0.9172709928258435, 0.8754399816207066], "backward_scores": [0.5448521284565948, 0.6849321476649095, 0.8158307231266224, 0.6987430971018962, 0.7557242964896672], "js_scores": [0.12826221767602647, 0.14440083826587127, 0.17953864265623826, 0.15814771849335776, 0.16211141321507716]}