{"mauve": 0.932722291983616, "js": 0.1764317902416557, "frontier_integral": 0.2430910648240472, "forward": 0.9950773287774414, "backward": 0.792370716297666, "mauve_scores": [0.9314283557200244, 0.9338550881704245, 0.9275572118481717, 0.9353865844048355, 0.9353842197746238], "forward_scores": [0.9626849389890361, 1.0813199942556477, 1.030533995634324, 0.9465952886942209, 0.9542524263139787], "backward_scores": [0.799446877701216, 0.7459592679095057, 0.840012623029817, 0.7826598383600396, 0.7937749744877518], "js_scores": [0.17924485630003723, 0.1735205864104682, 0.18446746905324238, 0.1726769115160521, 0.17224912792847857]}