{"mauve": 0.9594434392938129, "js": 0.1322805688400286, "frontier_integral": 0.18189876092370566, "forward": 0.7151973974386964, "backward": 0.5953611659666918, "mauve_scores": [0.9640770596583118, 0.9614441348271268, 0.9608211589056903, 0.9591509120746814, 0.9517239310032544], "forward_scores": [0.6876539108802731, 0.6973552341273801, 0.71048875406447, 0.7099906962235711, 0.7704983918977873], "backward_scores": [0.5697507201143641, 0.5631524233636591, 0.5733101306580128, 0.5875044276685893, 0.6830881280288335], "js_scores": [0.12347734735906839, 0.12886038065232022, 0.12976681084592967, 0.1331322607381511, 0.14616604460467358]}