{"mauve": 0.9536347321376507, "js": 0.14268192939051083, "frontier_integral": 0.19620315806205502, "forward": 0.7813133864315801, "backward": 0.6351472367984765, "mauve_scores": [0.9469607259779885, 0.9591552964872101, 0.9529287569325997, 0.9511324300262725, 0.9579964512641828], "forward_scores": [0.8862713710093337, 0.722834662736914, 0.7562786975982765, 0.8042695229559117, 0.7369126778574645], "backward_scores": [0.6812183103845311, 0.572175710427372, 0.6801379067903303, 0.6418427808525496, 0.6003614755376001], "js_scores": [0.15361629432253632, 0.13331942159098087, 0.14412105924422342, 0.14726963821988742, 0.13508323357492616]}