{"mauve": 0.7765070474653447, "js": 0.3736613959626856, "frontier_integral": 0.5192015967279399, "forward": 1.9046891742848175, "backward": 2.084807570512279, "mauve_scores": [0.7702182766064598, 0.7804529967172302, 0.7762608101664816, 0.7814820740811744, 0.7741210797553777], "forward_scores": [1.9537051504202574, 1.8050360445859897, 1.9040980438207897, 1.8832241436753028, 1.977382488921747], "backward_scores": [2.1225505669136835, 2.1234994703455503, 2.09185723003005, 2.042075341428739, 2.0440552438433706], "js_scores": [0.3809585319912978, 0.3689782611478639, 0.3739683190159978, 0.36780068655929676, 0.37660118109897156]}