{"mauve": 0.9545606272000215, "js": 0.14101686384208553, "frontier_integral": 0.19403947701047705, "forward": 0.7768906529586592, "backward": 0.6357033337959022, "mauve_scores": [0.9521913423328214, 0.956018674836494, 0.9559817213990724, 0.9534747687132199, 0.9551366287184999], "forward_scores": [0.8007299911774264, 0.793180374599963, 0.743892812807801, 0.8284939835810032, 0.7181561026271027], "backward_scores": [0.6428578249641075, 0.618590886243043, 0.6454281279371883, 0.6032667849323634, 0.6683730449028081], "js_scores": [0.145344059091589, 0.13816537407881602, 0.13857588430996234, 0.14247022107156798, 0.14052878065849228]}