{"mauve": 0.9055619915503748, "js": 0.21601534098394976, "frontier_integral": 0.29771561351435877, "forward": 1.1257528311386207, "backward": 1.0421002071935916, "mauve_scores": [0.9052591323842988, 0.8928879804671895, 0.9027706536912956, 0.9166852551976377, 0.910206936011452], "forward_scores": [1.169755141526831, 1.2546240807137492, 1.187870317665479, 0.9717784316611686, 1.0447361841258755], "backward_scores": [1.0229171101351737, 1.106717914842698, 1.0615802510522543, 0.9876540874363489, 1.031631672501483], "js_scores": [0.21632999601551128, 0.2330602473216591, 0.2194341306705364, 0.20122440256388896, 0.21002792834815298]}