{"mauve": 0.7183752383859285, "js": 0.4391973068239592, "frontier_integral": 0.6136383595045862, "forward": 2.3300787915716326, "backward": 2.6431314980731058, "mauve_scores": [0.7221978492432038, 0.7233792901302005, 0.713281963969828, 0.7180579540744092, 0.7149591345120017], "forward_scores": [2.291456289133918, 2.2880913823073583, 2.3924131266041284, 2.337784575397943, 2.3406485844148146], "backward_scores": [2.570036306941451, 2.6300982681896254, 2.6895210345778966, 2.6173527462740496, 2.708649134382507], "js_scores": [0.4352450234623658, 0.4333249716935951, 0.4447824879500419, 0.43975521834837955, 0.4428788326654137]}