{"mauve": 0.9544859537388618, "js": 0.14101101190086013, "frontier_integral": 0.19401625022793367, "forward": 0.792288283512181, "backward": 0.6204948034212519, "mauve_scores": [0.9534063793671065, 0.956202746088644, 0.9513657239750961, 0.9571348686151802, 0.9543200506482823], "forward_scores": [0.7521424969063941, 0.7617212358452172, 0.8788693923466092, 0.7795609487701048, 0.7891473436925797], "backward_scores": [0.6365682162383852, 0.6263449150989182, 0.5935234283522941, 0.5761524700767682, 0.669884987339894], "js_scores": [0.14378832705955874, 0.13814243133000564, 0.14568137643846787, 0.13639362138735311, 0.14104930328891524]}