{"mauve": 0.6841916024898438, "js": 0.47950876322433417, "frontier_integral": 0.6699958366825085, "forward": 2.7009016983063225, "backward": 2.6584358699911976, "mauve_scores": [0.6842073937752191, 0.6836713964230803, 0.688576656187122, 0.6818924128777746, 0.6826101531860231], "forward_scores": [2.663138810633694, 2.720776862655599, 2.730151650659561, 2.6422388190906316, 2.748202348492129], "backward_scores": [2.6885119616389175, 2.595141926776385, 2.5470733540344725, 2.7581774651724844, 2.70327464233373], "js_scores": [0.47954503066607534, 0.48056635840558176, 0.47464828038630735, 0.4820277348962632, 0.48075641176744344]}