{"mauve": 0.9492276211063586, "js": 0.1498943657089395, "frontier_integral": 0.2063805358935511, "forward": 0.8449396498616455, "backward": 0.669780146926943, "mauve_scores": [0.9516304648998324, 0.9533063645065685, 0.9379730850180081, 0.9541144843525416, 0.9491137067548427], "forward_scores": [0.8109903668266412, 0.8469771964815863, 0.9504143646685059, 0.7862784121881842, 0.83003790914331], "backward_scores": [0.6538534201843962, 0.6213831221482756, 0.7947477671502753, 0.616505797427405, 0.6624106277243628], "js_scores": [0.14634380396430485, 0.14268415172351384, 0.16784290191327583, 0.1420987575113411, 0.15050221343226183]}