{"mauve": 0.9529057401392539, "js": 0.14284597159390452, "frontier_integral": 0.19741767433997714, "forward": 0.8393279414726431, "backward": 0.661735515507409, "mauve_scores": [0.9620733537120567, 0.9494910461384176, 0.9476355375499803, 0.9506773220249708, 0.9546514412708436], "forward_scores": [0.7461637186097908, 0.8975626805335954, 0.9187571556972906, 0.8459781919752415, 0.7881779605472969], "backward_scores": [0.5119140131475156, 0.7496675307970171, 0.705678179646564, 0.6846274679754017, 0.6567903859705463], "js_scores": [0.12725846736495533, 0.14800653133969915, 0.15159356292568296, 0.14682726429766885, 0.14054403204151647]}