{"mauve": 0.9577089450718507, "js": 0.13495661780485127, "frontier_integral": 0.18620759014113802, "forward": 0.751217105793612, "backward": 0.6309660945903721, "mauve_scores": [0.9560422705745473, 0.9585595826932369, 0.9539139008231157, 0.9584273081904836, 0.9616016630778702], "forward_scores": [0.7467483850726856, 0.768558172188359, 0.8001523814351158, 0.7472428675475279, 0.6933837227243718], "backward_scores": [0.7289245398521143, 0.5897690720836744, 0.6168892388416871, 0.6127858390134882, 0.6064617831608968], "js_scores": [0.13729152717745952, 0.13351525016436716, 0.14205307288385774, 0.13372495064164758, 0.1281982881569244]}