{"mauve": 0.6974897523491806, "js": 0.4643696940849513, "frontier_integral": 0.648104133687591, "forward": 2.6122498289257736, "backward": 2.5178504923780314, "mauve_scores": [0.7000850725015884, 0.6955926477068379, 0.6958835058475605, 0.6916775934769408, 0.7042099422129757], "forward_scores": [2.571635603048027, 2.6147038190685117, 2.618526713112719, 2.7048261058238268, 2.5515569035757832], "backward_scores": [2.514709553946667, 2.5090621408157867, 2.547985976235254, 2.5698258065568846, 2.447668984335564], "js_scores": [0.46139611127922875, 0.46684094659593744, 0.4661434186784409, 0.47059636410200467, 0.4568716297691449]}