{"mauve": 0.9639549572264073, "js": 0.12342099190371751, "frontier_integral": 0.16937681451014058, "forward": 0.6894869980581675, "backward": 0.5153442539588666, "mauve_scores": [0.9628923456562664, 0.9599366242304928, 0.9524041918052066, 0.9697530152799416, 0.9747886091601293], "forward_scores": [0.7323230376572919, 0.7708869599177557, 0.7806953783869508, 0.602410742339869, 0.5611188719889704], "backward_scores": [0.5111121162066267, 0.5430146050193174, 0.6676474625972943, 0.44661778557810944, 0.4083293003929853], "js_scores": [0.1254957426178691, 0.13097260175036768, 0.14483580979492627, 0.11344435355578958, 0.10235645179963491]}