{"mauve": 0.9496454149210736, "js": 0.14892204670320353, "frontier_integral": 0.2053400273478702, "forward": 0.8491230308558582, "backward": 0.6646681808350918, "mauve_scores": [0.9443413890730934, 0.9535409474502781, 0.9439527433002499, 0.9559379038042402, 0.9504540909775071], "forward_scores": [0.8896328786799708, 0.8558534804748514, 0.9088742380236406, 0.8040974110233728, 0.7871571460774547], "backward_scores": [0.6838925388547181, 0.6074486216871376, 0.7324641300414783, 0.6115407623012451, 0.6879948512908798], "js_scores": [0.1582389343281535, 0.14201276231037985, 0.1580023346612504, 0.13806544295325596, 0.14829075926297788]}