{"mauve": 0.9441671388472839, "js": 0.1585049014138648, "frontier_integral": 0.21818114598637117, "forward": 0.8795847090228792, "backward": 0.7153761530096869, "mauve_scores": [0.945661695846578, 0.948476382645902, 0.9481988505730723, 0.9400498324872277, 0.9384489326836398], "forward_scores": [0.8233351693276542, 0.8271716091061961, 0.7939224274497929, 0.9810933389967128, 0.9724010002340401], "backward_scores": [0.7112961011320573, 0.6911708913310766, 0.695397159863337, 0.7163965776346324, 0.7626200350873311], "js_scores": [0.15678051379901203, 0.15146153324384182, 0.15286606232347666, 0.1644191109716, 0.16699728673139352]}