{"mauve": 0.9564933483297262, "js": 0.13711474369016502, "frontier_integral": 0.1890414764863117, "forward": 0.7808582596502622, "backward": 0.6228674709361057, "mauve_scores": [0.9513574855290052, 0.9619799120906471, 0.9572808315973984, 0.9537427556390002, 0.9581057567925795], "forward_scores": [0.8458593445639193, 0.6791070924662673, 0.8097097934616349, 0.7832168741346224, 0.786398193624867], "backward_scores": [0.6686555048293275, 0.6067258604020365, 0.5879789411769192, 0.635179032391441, 0.6157980158808043], "js_scores": [0.1459058443023368, 0.12773874409698882, 0.13531077542030093, 0.14252132662351114, 0.13409702800768744]}