{"mauve": 0.8843631608211734, "js": 0.24328999432674028, "frontier_integral": 0.33691124052541654, "forward": 1.2855772661505669, "backward": 1.2608719922795024, "mauve_scores": [0.8798151335053985, 0.8788704476670114, 0.8830785961077465, 0.8896397421854001, 0.8904118846403102], "forward_scores": [1.2400349777638495, 1.3096988606272244, 1.4023879720826213, 1.2425422366598817, 1.233222283619258], "backward_scores": [1.341558324990189, 1.307457913914657, 1.1998101040665632, 1.2653055708336831, 1.19022804759242], "js_scores": [0.24934234305749065, 0.250597771207265, 0.2446234276165297, 0.23604700043466675, 0.23583942931774937]}