{"mauve": 0.937417219123087, "js": 0.16945831270791784, "frontier_integral": 0.23321465097484392, "forward": 0.9248770797491656, "backward": 0.7698783186325985, "mauve_scores": [0.9389503771764428, 0.9362124404715102, 0.9316405178496254, 0.9351626024159352, 0.9451201577019209], "forward_scores": [0.8964912273795845, 0.8882105849876112, 1.0060855405010178, 0.9728808460782163, 0.8607171997993979], "backward_scores": [0.7465804125330132, 0.8236828546141345, 0.7868666155899299, 0.8161623458194647, 0.6760993646064496], "js_scores": [0.16752719582417602, 0.1716214625552352, 0.1782548974380916, 0.17231187304584633, 0.15757613467623996]}