{"mauve": 0.9557804926045173, "js": 0.13795233562191594, "frontier_integral": 0.19051332247899705, "forward": 0.8245357014382009, "backward": 0.6141350255262615, "mauve_scores": [0.9561012602472223, 0.9601218906964297, 0.9549110773917449, 0.9528936253915812, 0.9548746092956082], "forward_scores": [0.7939034297234238, 0.7621559684136977, 0.8557614296091948, 0.853379185423826, 0.8574784940208628], "backward_scores": [0.6187589012884823, 0.5716523679554851, 0.5958781141472435, 0.6573186996792213, 0.6270670445608755], "js_scores": [0.1379327135706028, 0.1306353674103522, 0.13950514803072284, 0.14263903662563637, 0.1390494124722654]}