{"mauve": 0.9462978420321468, "js": 0.1554614668304305, "frontier_integral": 0.21359196284535514, "forward": 0.8185842031553936, "backward": 0.7153696714295232, "mauve_scores": [0.9513955688256835, 0.9373635842943042, 0.950316069597102, 0.9496887092149346, 0.9427252782287099], "forward_scores": [0.789440320531655, 0.9220278720885774, 0.7392117452676416, 0.8034882058958192, 0.8387528719932741], "backward_scores": [0.6644133416138137, 0.7680487872394353, 0.716424069525814, 0.6780079793701629, 0.7499541793983907], "js_scores": [0.14692389130478414, 0.16962907178313352, 0.14929354604856573, 0.1498236555617543, 0.16163716945391482]}