{"mauve": 0.9593209425908089, "js": 0.1319922100492523, "frontier_integral": 0.1816398054674857, "forward": 0.7609373556754346, "backward": 0.5672748524990174, "mauve_scores": [0.957235727822044, 0.9666338519042066, 0.9520551484686521, 0.9579356330770004, 0.962744351682141], "forward_scores": [0.7685451319425368, 0.7291744356697997, 0.788416883348105, 0.7662584336364205, 0.7522918937803111], "backward_scores": [0.6431834103579166, 0.45518064211921594, 0.6643272581284575, 0.5911698695383663, 0.4825130823511314], "js_scores": [0.1357607236821219, 0.11816030895654096, 0.1455174316227293, 0.13488054658981397, 0.1256420393950554]}