{"mauve": 0.9584945756880587, "js": 0.13302521649149365, "frontier_integral": 0.18369856139880208, "forward": 0.8087748054870769, "backward": 0.5771425066238647, "mauve_scores": [0.9611386306033277, 0.9561813810573503, 0.95497537168113, 0.9583794558680188, 0.9617980392304675], "forward_scores": [0.795647769564261, 0.852298675044429, 0.8695873391787128, 0.7776891159365503, 0.7486511277114315], "backward_scores": [0.5325776387065849, 0.5956232414121109, 0.5733113980563465, 0.607214265643629, 0.5769859893006526], "js_scores": [0.12825534260393118, 0.1370946707120991, 0.13906753562754454, 0.13349337093283087, 0.12721516258106275]}