{"mauve": 0.683425955533829, "js": 0.48052360850028064, "frontier_integral": 0.671282309393011, "forward": 2.6891665282995048, "backward": 2.6699279233923994, "mauve_scores": [0.6832312395393747, 0.6830907011918517, 0.6898051188881195, 0.6801463060720153, 0.680856411977784], "forward_scores": [2.648400522119435, 2.6659627833118376, 2.6861321277685493, 2.687526692582608, 2.757810515715093], "backward_scores": [2.6935453708360333, 2.6839508723728454, 2.546531181768569, 2.7468262869558524, 2.678785905028696], "js_scores": [0.480824362226902, 0.48106494569754954, 0.47348099076700934, 0.4840641286981847, 0.483183615111758]}