{"mauve": 0.9610418296543537, "js": 0.12911192258450746, "frontier_integral": 0.1773819045626149, "forward": 0.7496924197314904, "backward": 0.528262784900635, "mauve_scores": [0.9556475392212885, 0.9642507121881452, 0.9566700060093553, 0.9637227978886092, 0.9649180929643708], "forward_scores": [0.7899824610089184, 0.7062608947008834, 0.8448777593698344, 0.7193250101776515, 0.688015973400164], "backward_scores": [0.6126853611079814, 0.5142730055220389, 0.5396548761684369, 0.48784333015319326, 0.48685735155152476], "js_scores": [0.1387574574168744, 0.12331879504062673, 0.13679739082654632, 0.12445750287610112, 0.12222846676238872]}