{"mauve": 0.9375424390211983, "js": 0.16888233820777085, "frontier_integral": 0.23302338075474097, "forward": 0.8945910784115441, "backward": 0.835277877932749, "mauve_scores": [0.9402085699816766, 0.9329576978098526, 0.936621921779069, 0.9439371858524175, 0.9339868196829757], "forward_scores": [0.8643532831375796, 0.9228326609924822, 0.9042879522272917, 0.8314801684140397, 0.9500013272863269], "backward_scores": [0.811384410619543, 0.866070150209229, 0.8230778744328571, 0.7889525176570273, 0.8869044367450889], "js_scores": [0.16492686896530293, 0.17603934289576945, 0.17063562551979006, 0.15899476822581818, 0.17381508543217372]}