{"mauve": 0.9528172136817392, "js": 0.14418974645092414, "frontier_integral": 0.1982590040666222, "forward": 0.7979699102010847, "backward": 0.6410431252486433, "mauve_scores": [0.9520528597619653, 0.9529963956379022, 0.9524484200057206, 0.949083850971137, 0.957504542031971], "forward_scores": [0.7858646422325131, 0.8060143582796149, 0.8200672185949726, 0.8514594846057473, 0.7264438472925759], "backward_scores": [0.6534131285707688, 0.6342747490675293, 0.6646676315935293, 0.6436256448252098, 0.6092344721861793], "js_scores": [0.14587996636695938, 0.1437271536493981, 0.14451080407533545, 0.15050602426730966, 0.13632478389561814]}