{"mauve": 0.9618444672063873, "js": 0.12694188274374868, "frontier_integral": 0.1748637878426325, "forward": 0.7236724508099845, "backward": 0.561599770821488, "mauve_scores": [0.9506098489902759, 0.9569529124476119, 0.9743543717035823, 0.9609522916277288, 0.966352911262738], "forward_scores": [0.8409250151402847, 0.7721557357471327, 0.5856017526548477, 0.7401443152847038, 0.6795354352229543], "backward_scores": [0.6783484624192322, 0.5987729233646445, 0.4127110937933094, 0.5517464002899128, 0.5664199742403415], "js_scores": [0.14712696935442315, 0.1366938119068046, 0.10279793515824079, 0.12958336126799083, 0.11850733603128401]}