{"mauve": 0.9629146532394302, "js": 0.12581481531288724, "frontier_integral": 0.17279865462807734, "forward": 0.7074414453735065, "backward": 0.5325306223877997, "mauve_scores": [0.9680892367747488, 0.9656177710898035, 0.9619336314111191, 0.9593171069137023, 0.9596155200077767], "forward_scores": [0.6474706269655596, 0.6758435997261603, 0.7302518219614905, 0.7737589778028143, 0.7098822004115078], "backward_scores": [0.5065099355311002, 0.4684989494621634, 0.5268031983507333, 0.5803925793883347, 0.5804484492066664], "js_scores": [0.11598207372805272, 0.12105838679120537, 0.12779605018270682, 0.131785037537078, 0.13245252832539336]}