{"mauve": 0.9615023833268012, "js": 0.12777255430968998, "frontier_integral": 0.17579919595343654, "forward": 0.7339229474866701, "backward": 0.5465663467946003, "mauve_scores": [0.9563963143005204, 0.9692465452615824, 0.9524545182377648, 0.9581839646016035, 0.971230574232535], "forward_scores": [0.7567504866144154, 0.6141579941099057, 0.8839731974801716, 0.7933211268834501, 0.6214119323454078], "backward_scores": [0.6602936238522716, 0.46678832510264123, 0.6215420216880769, 0.5604161329485285, 0.42379163038148254], "js_scores": [0.13736717988509503, 0.114231450305079, 0.14359304693183242, 0.13405614310800795, 0.1096149513184354]}