{"mauve": 0.9574458881530068, "js": 0.13511975159597886, "frontier_integral": 0.18648351953308256, "forward": 0.7901058107013121, "backward": 0.6123761076711626, "mauve_scores": [0.9500705586602483, 0.9596843469773281, 0.9610002882090515, 0.955213245315179, 0.9612610016032275], "forward_scores": [0.8483193312172237, 0.7655300106369478, 0.7643967986140844, 0.8358724530657735, 0.7364104599725314], "backward_scores": [0.7027811928717262, 0.5838575948768459, 0.5560979767619131, 0.6357652708964505, 0.583378502948877], "js_scores": [0.14807332228164694, 0.1314692693405375, 0.1286906523254842, 0.138754488764349, 0.1286110252678767]}