{"mauve": 0.9596566718591856, "js": 0.1319579477809802, "frontier_integral": 0.18145086015090428, "forward": 0.7208103510567591, "backward": 0.5909209846998456, "mauve_scores": [0.9607179350966844, 0.9603434704541176, 0.9578687031865375, 0.9565162841103465, 0.9628369664482419], "forward_scores": [0.6815343226678067, 0.7381302135416289, 0.7334378172041034, 0.7568510290567011, 0.694098372813555], "backward_scores": [0.617431299418259, 0.6048720868314148, 0.5802867414054076, 0.6184428980595822, 0.5335718977845637], "js_scores": [0.13018421614123424, 0.13028825542555392, 0.13555936544625946, 0.13752674183027086, 0.12623116006158247]}