{"mauve": 0.9546986364904522, "js": 0.14004635989104583, "frontier_integral": 0.1934330881310181, "forward": 0.7963671668228861, "backward": 0.6628439366765769, "mauve_scores": [0.9536029184105275, 0.961766076384464, 0.9571564080363575, 0.9505311480854153, 0.950436631535496], "forward_scores": [0.7841342288182405, 0.750016197318433, 0.7623368966573645, 0.8186713438177227, 0.8666771675026701], "backward_scores": [0.6976720834405545, 0.5962257928260246, 0.6448912280851588, 0.7136744980760977, 0.661756080955049], "js_scores": [0.1422897210322043, 0.12711023883862618, 0.13602967870848837, 0.1473844657988805, 0.14741769507702987]}