{"mauve": 0.9467782501995936, "js": 0.15373964005017524, "frontier_integral": 0.21211445579403967, "forward": 0.8817718599299331, "backward": 0.7026112135414654, "mauve_scores": [0.9408024270540765, 0.9479939640251682, 0.9504023184393549, 0.9459883815176071, 0.9487041599617616], "forward_scores": [0.9325875886989756, 0.8517918318458144, 0.8483232517393261, 0.9041983673653788, 0.8719582600001707], "backward_scores": [0.7731994873840716, 0.6952277048457618, 0.6473769306441409, 0.716086598077221, 0.6811653467561319], "js_scores": [0.1633309487816516, 0.15201576340639716, 0.1480151866086725, 0.15481842697303033, 0.15051787448112464]}