{"mauve": 0.6932942388739821, "js": 0.4692862907187976, "frontier_integral": 0.655020950642304, "forward": 2.6166689060620554, "backward": 2.570627752396909, "mauve_scores": [0.702722881072948, 0.6903866030208587, 0.6920607611305396, 0.6874206231137201, 0.6938803260318441], "forward_scores": [2.504407711201992, 2.5831763374488435, 2.633356255502137, 2.710456744722209, 2.651947481435097], "backward_scores": [2.4784757771172647, 2.6236389919210907, 2.538322429802419, 2.644212189444091, 2.5684893736996797], "js_scores": [0.4590155749721041, 0.4728442911718498, 0.4709158561718617, 0.4754397122422055, 0.46821601903596705]}