{"mauve": 0.9581864904470135, "js": 0.13410180134051466, "frontier_integral": 0.18454079663214373, "forward": 0.7306930021590119, "backward": 0.6128812388718134, "mauve_scores": [0.9674252262252772, 0.9461374202023995, 0.9664326238838512, 0.953532188523813, 0.957404993399727], "forward_scores": [0.6319967964879041, 0.88194054790449, 0.6724576878063317, 0.7593861583410619, 0.7076838202552722], "backward_scores": [0.5136422204822508, 0.7450362711548479, 0.5070845018360889, 0.6674141922798533, 0.6312290086060259], "js_scores": [0.11743562954392436, 0.1546562592377428, 0.1190676119807996, 0.14298069286109327, 0.13636881307901325]}