{"mauve": 0.691877936173151, "js": 0.47032874511250683, "frontier_integral": 0.657259912342109, "forward": 2.549736361826062, "backward": 2.7477721128201034, "mauve_scores": [0.6935987194987256, 0.6867070686838377, 0.6912001957117345, 0.688684401212019, 0.6991992957594382], "forward_scores": [2.537261548872197, 2.5618148934170253, 2.521247452032036, 2.5765518790997985, 2.551806035709254], "backward_scores": [2.6728817949751056, 2.7857484630636247, 2.795105344896766, 2.821838315498254, 2.663286645666765], "js_scores": [0.4687898150052658, 0.47652815449697616, 0.47089513778922465, 0.4737821582076193, 0.46164846006344795]}