{"mauve": 0.6971193751381911, "js": 0.4638195996193268, "frontier_integral": 0.6484936859788658, "forward": 2.460273863919274, "backward": 2.8228190555266965, "mauve_scores": [0.6944484692575692, 0.6959036355192769, 0.7055790937116286, 0.6922582921969728, 0.6974073850055083], "forward_scores": [2.5111471501507383, 2.5053876874057255, 2.3632537919802545, 2.4534662841780888, 2.468114405881561], "backward_scores": [2.841335584332408, 2.7577604476395146, 2.856633739224712, 2.9052292421156767, 2.7531362643211703], "js_scores": [0.4669766877080952, 0.4653496302358231, 0.45347460771896064, 0.4694740203534944, 0.4638230520802604]}