{"mauve": 0.6923497439941826, "js": 0.4700741196340707, "frontier_integral": 0.6565005503642874, "forward": 2.5121733665370156, "backward": 2.7361365162894784, "mauve_scores": [0.6980802347163275, 0.6939449662952737, 0.6916983159557069, 0.6842133312288347, 0.6938118717747702], "forward_scores": [2.474058065949581, 2.487448529866084, 2.5098070599024633, 2.578198357104202, 2.5113548198627473], "backward_scores": [2.67083195329504, 2.7133897810684986, 2.771981363373742, 2.8037761078741865, 2.7207033758359236], "js_scores": [0.4635273540291978, 0.46840224156532456, 0.4705767623150522, 0.47949670565714136, 0.4683675346036375]}