{"mauve": 0.6770852259991014, "js": 0.4869325866967104, "frontier_integral": 0.6816794091900581, "forward": 2.730734743990314, "backward": 2.8697416833901426, "mauve_scores": [0.6791922388430124, 0.6814870138356761, 0.6734585132360381, 0.6759623531779733, 0.6753260109028068], "forward_scores": [2.7352792948311366, 2.7485707392245113, 2.7050923539865868, 2.744529070670551, 2.7202022612387853], "backward_scores": [2.8316773501202013, 2.735543446592516, 2.9187365040584794, 2.9823693891388072, 2.880381727040709], "js_scores": [0.4843867357246317, 0.4820731523989344, 0.4911777992671882, 0.4879234620559253, 0.48910178403687254]}