{"mauve": 0.6897410910290123, "js": 0.47284035368668764, "frontier_integral": 0.6607608789326335, "forward": 2.540888292799315, "backward": 2.7776017870632304, "mauve_scores": [0.6914475770879482, 0.6883083970822654, 0.6913393908920464, 0.6907788864287413, 0.6868312036540596], "forward_scores": [2.557819232612768, 2.5698254345008826, 2.5042519903713734, 2.5100461511960037, 2.5624986553155447], "backward_scores": [2.713081423285599, 2.730786422310972, 2.807660890710588, 2.8667357744825424, 2.769744424526448], "js_scores": [0.4709915748315131, 0.4747455603194897, 0.47082779967674687, 0.4711954335344235, 0.476441400071265]}