{"mauve": 0.6864286608287341, "js": 0.47624933486105014, "frontier_integral": 0.6662106948602083, "forward": 2.6373864802072915, "backward": 2.7890338366422736, "mauve_scores": [0.6859207506113707, 0.6795413135586104, 0.6882009427917763, 0.6888250458857814, 0.6896552512961316], "forward_scores": [2.617122266778543, 2.7651836935583094, 2.5200173749925145, 2.6458979915654632, 2.638711074141628], "backward_scores": [2.76297432346764, 2.817900840374104, 2.885917761723103, 2.701493231566101, 2.776883026080419], "js_scores": [0.47701216165887517, 0.48397707015490726, 0.47410679483408086, 0.4738126890885863, 0.4723379585688011]}