{"mauve": 0.6819534727144487, "js": 0.481060947582676, "frontier_integral": 0.6735220411723717, "forward": 2.6228168224729007, "backward": 2.9282047444743924, "mauve_scores": [0.6766675680947083, 0.6781840941997037, 0.6786065432921033, 0.6851738075416545, 0.6911353504440733], "forward_scores": [2.733964318918009, 2.7305422446786363, 2.518153155358026, 2.569603348583991, 2.561821044825843], "backward_scores": [2.899728911233849, 2.8607907283908314, 3.163568056377579, 2.845272773958705, 2.871663252410997], "js_scores": [0.487236097920172, 0.48552508946969825, 0.48442372716142035, 0.47777066720172323, 0.4703491561603662]}