{"mauve": 0.6971967260743321, "js": 0.46433645654276373, "frontier_integral": 0.6484577083822312, "forward": 2.448767527259903, "backward": 2.753871785544165, "mauve_scores": [0.7053101868043397, 0.6945088653460318, 0.6978860559796276, 0.6967901440017018, 0.6914883782399601], "forward_scores": [2.4116170322111388, 2.5267947113176774, 2.4181292101764433, 2.4416181407307067, 2.4456785418635483], "backward_scores": [2.5878787566447556, 2.6890290963935124, 2.831545142747608, 2.7785653390223137, 2.8823405929126356], "js_scores": [0.4557477161306053, 0.4674805812132198, 0.4631672516433676, 0.4646239712316632, 0.47066276249496247]}