{"mauve": 0.6652667025774179, "js": 0.5008233493369785, "frontier_integral": 0.7013624209785688, "forward": 2.7694608538327206, "backward": 2.975231783208967, "mauve_scores": [0.666246843274848, 0.6674624976424093, 0.668807362530619, 0.66397765642108, 0.6598391530181337], "forward_scores": [2.7382638736946148, 2.7663984112995346, 2.775969431769785, 2.796827619466185, 2.769844932933482], "backward_scores": [2.966973471561975, 2.9030088713561617, 2.91898722601498, 2.9169166791601064, 3.1702726679516116], "js_scores": [0.4997549232681989, 0.4985295354998185, 0.4965791320921361, 0.5027387019526642, 0.5065144538720747]}