{"mauve": 0.6657915635707464, "js": 0.4997756610077505, "frontier_integral": 0.7003931395442728, "forward": 2.726048896059059, "backward": 3.0665449118058072, "mauve_scores": [0.6680670206044538, 0.6625584681425248, 0.6656665471400423, 0.6655315910155499, 0.6671341909511617], "forward_scores": [2.71610683871026, 2.774507695031366, 2.6425720303564404, 2.7866500004762567, 2.7104079157209706], "backward_scores": [3.063302176431199, 3.009564841847645, 3.177532494906202, 2.985597528011423, 3.0967275178325675], "js_scores": [0.49696016746005645, 0.5038950195092973, 0.4997178303059665, 0.5002912032365312, 0.4980140845269011]}