{"mauve": 0.6882446712804624, "js": 0.47411423949792325, "frontier_integral": 0.6632092687260609, "forward": 2.5896470518577157, "backward": 2.813804147091767, "mauve_scores": [0.6876781833392456, 0.6890520684937024, 0.6871695177510373, 0.6919293349911426, 0.6853942518271846], "forward_scores": [2.5967937978644735, 2.593843227962257, 2.619663607427826, 2.558857207700437, 2.579077418333584], "backward_scores": [2.7942146140989994, 2.75844308676177, 2.8893044970474393, 2.7478186633935593, 2.879239874157066], "js_scores": [0.47482392316615096, 0.4734624994878075, 0.4748480910977653, 0.4699166633760528, 0.4775200203618399]}