{"mauve": 0.670394475500102, "js": 0.49453722514355547, "frontier_integral": 0.6928136897895213, "forward": 2.8529389788172823, "backward": 2.851196203720488, "mauve_scores": [0.6734564971784734, 0.6720067740396185, 0.6707928722596359, 0.6689321367748156, 0.6667840972479666], "forward_scores": [2.8135785243829865, 2.8489417701477797, 2.8688770531062495, 2.8048839178378295, 2.928413628611566], "backward_scores": [2.799202998895419, 2.8023182573268492, 2.8513657875389296, 2.947019426548951, 2.856074548292289], "js_scores": [0.4911504470844338, 0.4928392039483759, 0.4939786705946253, 0.4962200563774647, 0.4984977477128779]}