{"mauve": 0.6983901528285271, "js": 0.46239189476639614, "frontier_integral": 0.6464824671677173, "forward": 2.553187754564925, "backward": 2.70506336808731, "mauve_scores": [0.6979356368829184, 0.7019072565715994, 0.6926383598429228, 0.6992976193650013, 0.7001718914801935], "forward_scores": [2.540618969473954, 2.502939455626297, 2.716318246586051, 2.4588109370693925, 2.5472511640689315], "backward_scores": [2.6583287310307693, 2.641172385455944, 2.652077607217265, 2.822647925428149, 2.751090191304423], "js_scores": [0.46334738900396755, 0.45868054709837525, 0.4686773019763163, 0.4612105926150632, 0.46004364313825863]}