{"mauve": 0.6894283474532948, "js": 0.47282371304217596, "frontier_integral": 0.661210295853395, "forward": 2.5560471662194306, "backward": 2.825084314556965, "mauve_scores": [0.6873395209953803, 0.693987443791573, 0.6855947431438908, 0.6930985471097995, 0.6871214822258307], "forward_scores": [2.5393317996631204, 2.5479421046407453, 2.478024595082505, 2.49607428810641, 2.7188630436043724], "backward_scores": [2.8719563009984026, 2.7162192771732245, 3.0013593343638663, 2.817703926268602, 2.718182733980726], "js_scores": [0.4754589324307845, 0.46776815027284263, 0.4770177591532881, 0.46856420319949776, 0.4753095201544668]}