{"mauve": 0.7030416400592813, "js": 0.45764707323576637, "frontier_integral": 0.6388180698612996, "forward": 2.3928191046381033, "backward": 2.7185412008659378, "mauve_scores": [0.6973624722691739, 0.6998008049134614, 0.7060070611281573, 0.7069631267851502, 0.7050747352004638], "forward_scores": [2.422036286976101, 2.522512605310271, 2.2667314965593723, 2.307380145432428, 2.4454349889123446], "backward_scores": [2.7096182032874996, 2.660541901943881, 2.8489407238585516, 2.728908301757656, 2.644696873482101], "js_scores": [0.46454412959002134, 0.4610273564953378, 0.4539971126782092, 0.45320846579327584, 0.4554583016219878]}