{"mauve": 0.6929047864686073, "js": 0.46881427094505934, "frontier_integral": 0.655533985147563, "forward": 2.598443621843096, "backward": 2.7200998635089957, "mauve_scores": [0.6849365205876299, 0.6985057550629032, 0.6894216074533059, 0.6915269537017221, 0.7001330955374758], "forward_scores": [2.6576663701153187, 2.5723556677586097, 2.512739426367789, 2.606556202339104, 2.642900442634661], "backward_scores": [2.788300737656495, 2.600162948705837, 2.9601214204607964, 2.774602610202711, 2.4773116005191382], "js_scores": [0.47801351034601236, 0.4628109019222407, 0.47217439633295955, 0.470116732393696, 0.46095581373038796]}