{"mauve": 0.6956489193889489, "js": 0.46613588235240505, "frontier_integral": 0.6510147126418551, "forward": 2.4744923349818917, "backward": 2.734443675609369, "mauve_scores": [0.6955173746344361, 0.6920728176522547, 0.693496930678958, 0.6989236358141266, 0.6982338381649685], "forward_scores": [2.525512558467326, 2.5343252599294464, 2.5064357799895594, 2.4513511937321755, 2.3548368827909507], "backward_scores": [2.670355544322745, 2.7802310166583832, 2.73175994679624, 2.706614101793551, 2.7832577684759263], "js_scores": [0.4664611009326537, 0.46987797396511616, 0.46852141915333656, 0.4624860908430377, 0.463332826867881]}