{"mauve": 0.7002811947548774, "js": 0.46079877942318814, "frontier_integral": 0.6433812332103737, "forward": 2.4408712726479926, "backward": 2.7164064955280383, "mauve_scores": [0.7053445748542633, 0.7010903708441517, 0.6987598820055694, 0.7021816387101019, 0.6940295073603006], "forward_scores": [2.3545019821720783, 2.499260671366224, 2.357511333179217, 2.4462347230794728, 2.5468476534429714], "backward_scores": [2.65918995763562, 2.6845536981713183, 2.8065406197784877, 2.6172946105761157, 2.81445359147865], "js_scores": [0.45554841965139836, 0.4595313038574963, 0.46241202434466133, 0.4591057253092825, 0.46739642395310255]}