{"mauve": 0.6789654888502296, "js": 0.4848992165618885, "frontier_integral": 0.6785833771215858, "forward": 2.719560441960041, "backward": 2.8212336178373127, "mauve_scores": [0.6781794697086516, 0.6789429959722699, 0.6857227738853113, 0.6749017439273499, 0.6770804607575651], "forward_scores": [2.7019819364443447, 2.7727150945377326, 2.6837222387716313, 2.727004846106238, 2.712378093940259], "backward_scores": [2.888736865796484, 2.7330185111478165, 2.689529581196028, 2.933055041282379, 2.8618280897638586], "js_scores": [0.4856939543418344, 0.48514260099828105, 0.47735928758325386, 0.48920812408651526, 0.4870921157995576]}