{"mauve": 0.6587363778617964, "js": 0.5081851916828125, "frontier_integral": 0.7122572999082621, "forward": 2.8174264854994386, "backward": 3.0664829083119627, "mauve_scores": [0.6578866135035588, 0.6620614880255145, 0.65976113966867, 0.6594596025625297, 0.6545130455487089], "forward_scores": [2.8535887919022334, 2.8025008154153555, 2.7127937801010664, 2.8806679749625683, 2.83758106511597], "backward_scores": [3.0352240367736245, 2.9627427412815615, 3.181572021613473, 2.9914313016524035, 3.161444440238751], "js_scores": [0.5091832493472056, 0.5047517611403916, 0.5068036139485844, 0.5073129980582278, 0.512874335919653]}