{"mauve": 0.6485270346987534, "js": 0.5197729321886678, "frontier_integral": 0.7294398116550969, "forward": 2.9506923110376193, "backward": 3.144037010555317, "mauve_scores": [0.6497650215530595, 0.6464908535909952, 0.6517632961003474, 0.6487587171500666, 0.6458572850992983], "forward_scores": [2.904493455388761, 3.0342246518583074, 2.8100863645464123, 2.964225274824117, 3.0404318085704998], "backward_scores": [3.1306825048657254, 3.1250994855845997, 3.2479995761016793, 3.1057778663674562, 3.1106256198571263], "js_scores": [0.5186171372681453, 0.5219317947106776, 0.5159105147376861, 0.5196540902894465, 0.5227511239373834]}