{"mauve": 0.6897953333869454, "js": 0.47268742394853325, "frontier_integral": 0.6606871569452402, "forward": 2.551381219103449, "backward": 2.7659931386065253, "mauve_scores": [0.6945743408971173, 0.6850808637695814, 0.6890792083868621, 0.6941843077415957, 0.6860579461395708], "forward_scores": [2.5238519313464547, 2.621791817124266, 2.6020131375019915, 2.4758785565361503, 2.533370653008384], "backward_scores": [2.7138381119967785, 2.7935333777395353, 2.7256783821881703, 2.7713555714256395, 2.8255602496825043], "js_scores": [0.4672530914436609, 0.4778863453962317, 0.4735656819144205, 0.4676132604824861, 0.4771187405058669]}