{"mauve": 0.6655053332415533, "js": 0.5003269141916731, "frontier_integral": 0.7009365371208475, "forward": 2.759448452945493, "backward": 3.0102639814074914, "mauve_scores": [0.6656298964550861, 0.6618642591084587, 0.6665213699996217, 0.6738302070242911, 0.6596809336203086], "forward_scores": [2.7293063430978566, 2.8660672147116024, 2.758601463466374, 2.6659012752101923, 2.77736596824144], "backward_scores": [3.0184338901809684, 2.9447883867721414, 2.9983719984912254, 2.9298520202881377, 3.1598736113049837], "js_scores": [0.5003934662228249, 0.5046609674787428, 0.4990664317540593, 0.4909078600704124, 0.5066058454323255]}