{"mauve": 0.7018803370084685, "js": 0.4588018148951846, "frontier_integral": 0.6408285637861376, "forward": 2.5051967050882977, "backward": 2.6291516319337753, "mauve_scores": [0.7026748347339319, 0.6981121365361356, 0.706178410133383, 0.7051982270796452, 0.6972380765592467], "forward_scores": [2.4488251640521783, 2.5298862871760157, 2.4950253692810342, 2.4494335596701258, 2.602813145262134], "backward_scores": [2.7402431547633292, 2.6475032715406948, 2.574014119368022, 2.5504270486698473, 2.633570565326982], "js_scores": [0.45765949389813587, 0.46300051853624047, 0.4539733299910391, 0.45560197941765723, 0.4637737526328506]}