{"mauve": 0.6618326412050839, "js": 0.5049416804708381, "frontier_integral": 0.7071356338046971, "forward": 2.798767475452439, "backward": 2.978124887024177, "mauve_scores": [0.6543959854277034, 0.6620801165141229, 0.666127255345339, 0.6588158219751648, 0.6677440267630892], "forward_scores": [2.8862444684770563, 2.8611648592075465, 2.7580717517231, 2.750983091351494, 2.737373206503], "backward_scores": [3.0222511833491836, 2.8863608650606083, 2.940877629156625, 3.06427984154436, 2.976854916010107], "js_scores": [0.5135060606454399, 0.5048445113855918, 0.499949470301848, 0.508546490080624, 0.49786186994068626]}