{"mauve": 0.6826731268335922, "js": 0.4806938576974792, "frontier_integral": 0.6724732242181193, "forward": 2.6724674216601194, "backward": 2.791562834341264, "mauve_scores": [0.6923868481705335, 0.6831968817022943, 0.6739907210807781, 0.6860355914469183, 0.6777555917674363], "forward_scores": [2.558194703690534, 2.6864606558934465, 2.727225473443818, 2.647819221942377, 2.742637053330421], "backward_scores": [2.755228179887221, 2.766169730603679, 2.8640584963362072, 2.698033559044336, 2.8743242058348755], "js_scores": [0.4696139466940827, 0.4798879837057516, 0.49072540496850653, 0.4773095204750678, 0.48593243264398744]}