{"mauve": 0.6923922412415981, "js": 0.4694067393990805, "frontier_integral": 0.6563617878696063, "forward": 2.5718653482683633, "backward": 2.764839193951885, "mauve_scores": [0.6925694642169822, 0.6931654035276993, 0.6874702760102427, 0.6940531398793102, 0.6947029225737567], "forward_scores": [2.597701940278046, 2.612130328790795, 2.59485816137069, 2.526705848186083, 2.5279304627162036], "backward_scores": [2.676240369329103, 2.788386166668619, 2.824852447885882, 2.7807233732281285, 2.753993612647692], "js_scores": [0.46955371746874164, 0.46804233693126285, 0.4748986877328071, 0.4677224340071041, 0.46681652085548686]}