{"mauve": 0.675079294278515, "js": 0.48924265794182287, "frontier_integral": 0.6850340483576399, "forward": 2.7802512337106555, "backward": 2.8367669289164783, "mauve_scores": [0.6727505520345041, 0.6710646704958576, 0.6778377471717546, 0.6786664494872073, 0.6750770522032514], "forward_scores": [2.7785438206276347, 2.8398183763307943, 2.7592580514583562, 2.744716576540254, 2.778919343596238], "backward_scores": [2.8968079474046915, 2.856450455317504, 2.826219465311692, 2.7622732719686844, 2.8420835045798207], "js_scores": [0.4919712749030182, 0.4936850194392193, 0.4858995427197208, 0.48543109261480344, 0.4892263600323525]}