{"mauve": 0.6922718338592031, "js": 0.4696969272351047, "frontier_integral": 0.6565383165922017, "forward": 2.5103087742984114, "backward": 2.8048354476477058, "mauve_scores": [0.6877227904820342, 0.6948562266830872, 0.6972067401632094, 0.6932738830859102, 0.6882995288817746], "forward_scores": [2.5637352921339196, 2.4264071968042793, 2.5378222800798564, 2.5442352826819388, 2.479343819792062], "backward_scores": [2.891465417916566, 2.9049350689505182, 2.630150029924336, 2.6709273196322796, 2.926699401814829], "js_scores": [0.47447267251163283, 0.466523663101973, 0.4643807570597075, 0.4691415960805695, 0.47396594742164055]}