{"mauve": 0.7010957662071025, "js": 0.4595238417974178, "frontier_integral": 0.6420692893702559, "forward": 2.4965698707501978, "backward": 2.6859426557081405, "mauve_scores": [0.701191530151557, 0.703289334174622, 0.6965871444062213, 0.7041943670615699, 0.7002164552415422], "forward_scores": [2.4860294282292763, 2.546497245850981, 2.5521703300626877, 2.4609501892978844, 2.43720216031016], "backward_scores": [2.7627619424651164, 2.612598360606214, 2.7182275578380413, 2.5849803678508243, 2.7511450497805083], "js_scores": [0.4590674013375253, 0.4570171268395673, 0.464407281415702, 0.4565310087549676, 0.46059639063932684]}