{"mauve": 0.6892412117338255, "js": 0.47304231388363654, "frontier_integral": 0.6615770741610587, "forward": 2.6403336014236745, "backward": 2.745681558115118, "mauve_scores": [0.6911601293527103, 0.6901308234596981, 0.6877390217644899, 0.6904304635612404, 0.6867456205309885], "forward_scores": [2.5154094584320954, 2.62733913355228, 2.7005303134490477, 2.579982908890637, 2.778406192794313], "backward_scores": [2.8263312965780134, 2.7977082101392057, 2.713394061144482, 2.725906852760571, 2.665067369953316], "js_scores": [0.47107242055373155, 0.4718497419843861, 0.474574166767736, 0.4721096124398873, 0.4756056276724418]}