{"mauve": 0.694895475738895, "js": 0.4666392493326733, "frontier_integral": 0.6522288435802638, "forward": 2.511896508259762, "backward": 2.7701799212218896, "mauve_scores": [0.6956012105197639, 0.6915720931063611, 0.6939315889599849, 0.7022255977545173, 0.6911468883538483], "forward_scores": [2.5135107755002775, 2.542115081409679, 2.534966689297786, 2.411023379676508, 2.557866615414559], "backward_scores": [2.764757644810999, 2.723004265076514, 2.803245506819776, 2.7343789513298353, 2.825513238072321], "js_scores": [0.46578091619852113, 0.4709509207332146, 0.46741858024971594, 0.4584312013387606, 0.4706146281431543]}