{"mauve": 0.6857299646941681, "js": 0.47720514021967625, "frontier_integral": 0.6673871842478527, "forward": 2.6404837199001774, "backward": 2.766501921442573, "mauve_scores": [0.6873907596850114, 0.6835190187634129, 0.6860003038829693, 0.6893207282026674, 0.6824190129367802], "forward_scores": [2.6607386644224946, 2.6805994744996786, 2.572017313595721, 2.655257031765892, 2.6338061152171015], "backward_scores": [2.67307965678755, 2.7798053207946145, 2.795794711852881, 2.679760691629204, 2.9040692261486134], "js_scores": [0.4753805105338791, 0.4797722460128586, 0.47714338969880793, 0.47320804154406604, 0.4805215133087697]}