{"mauve": 0.691258243732662, "js": 0.4711349122622496, "frontier_integral": 0.6583020723342085, "forward": 2.5965333604391043, "backward": 2.7006809866969093, "mauve_scores": [0.689369832302813, 0.691537095312277, 0.6931440110225677, 0.6898552700154156, 0.6923850100102367], "forward_scores": [2.5430517230628644, 2.621653090721848, 2.587569406470064, 2.6447196635455037, 2.585672918395239], "backward_scores": [2.811678729796442, 2.6049677788455288, 2.649341984144212, 2.7599976298367825, 2.6774188108615817], "js_scores": [0.47334015954033704, 0.47114528593855814, 0.46899388508608736, 0.47235886574129105, 0.4698363650049747]}