{"mauve": 0.6868596809522518, "js": 0.4759538035672198, "frontier_integral": 0.6655207902548937, "forward": 2.6332485516571555, "backward": 2.7756774110505025, "mauve_scores": [0.683273088018769, 0.6864739086509786, 0.689395781705149, 0.6896357566858589, 0.6855198697005036], "forward_scores": [2.7149113482302063, 2.654361302069662, 2.6281804827528688, 2.5196330206058737, 2.6491566046271675], "backward_scores": [2.8069577375458525, 2.749770559033683, 2.717125217068238, 2.7567785248599974, 2.84775501674474], "js_scores": [0.47964786531085435, 0.4765179677916732, 0.47311180331584435, 0.47334730169990724, 0.47714407971781986]}