{"mauve": 0.6891136950465109, "js": 0.47341592391067255, "frontier_integral": 0.6618319064551119, "forward": 2.6387546708749654, "backward": 2.705300544428563, "mauve_scores": [0.6934694915833367, 0.6838526904357778, 0.6862543387043726, 0.6882193107956004, 0.693772643713467], "forward_scores": [2.5795211976556818, 2.670650534416065, 2.626153971879826, 2.6208414236972573, 2.6966062267259963], "backward_scores": [2.6474863093795964, 2.75957449015977, 2.7868950666123733, 2.731603003247166, 2.600943852743911], "js_scores": [0.4688593550640638, 0.4793657500531048, 0.4765670012511536, 0.4745964878101781, 0.4676910253748624]}