{"mauve": 0.6957944508395358, "js": 0.465636165458189, "frontier_integral": 0.6507206204350702, "forward": 2.4635769229975333, "backward": 2.800845140630569, "mauve_scores": [0.6981332214408216, 0.6941549964914356, 0.6975327846997074, 0.692071048552183, 0.6970802030135315], "forward_scores": [2.4495970030845093, 2.466162906769872, 2.493686823998682, 2.5262413396950913, 2.3821965414395123], "backward_scores": [2.80356847190149, 2.779760714016795, 2.7617685939934185, 2.809039859933641, 2.8500880633075014], "js_scores": [0.4627813056485085, 0.46786751393133663, 0.4634909512348441, 0.4698064181622143, 0.464234638314041]}