{"mauve": 0.6813506652262429, "js": 0.48217374020657167, "frontier_integral": 0.6746394703376483, "forward": 2.69737063226505, "backward": 2.79774928153836, "mauve_scores": [0.6832551332532393, 0.6833803358303001, 0.6798348814421785, 0.6819007753376329, 0.6783822002678639], "forward_scores": [2.6736193221378817, 2.7254454444505916, 2.7049360445006734, 2.655179930812703, 2.7276724194234], "backward_scores": [2.7863874121764196, 2.728987380135752, 2.77935493346072, 2.878920436739183, 2.8150962451797272], "js_scores": [0.4800855534048242, 0.47979546939122364, 0.4841590825734635, 0.4812197714331037, 0.4856088242302433]}