{"mauve": 0.5677802292974764, "js": 0.6072773590171695, "frontier_integral": 0.8699213844560276, "mauve_scores": [0.5642863716555129, 0.5673493823944679, 0.5788110374195179, 0.5613179624634195, 0.5671363925544639], "js_scores": [0.611593969067749, 0.6080636728214843, 0.5929402108891666, 0.6155032675163336, 0.6082856747911141]}