{"mauve": 0.5627613095781957, "js": 0.6137748424180112, "frontier_integral": 0.8791060223276841, "mauve_scores": [0.5601895060236226, 0.5599841097240214, 0.5595660863069887, 0.5653801890198381, 0.5686866568165079], "js_scores": [0.6167089164433784, 0.6170049801618525, 0.6175051473710957, 0.6104439225459253, 0.6072112455678036]}