{"mauve": 0.556226529922937, "js": 0.6219314451297946, "frontier_integral": 0.8912704584943757, "mauve_scores": [0.5582412225595036, 0.555311338587112, 0.5577064200944033, 0.5580638956677351, 0.5518097727059306], "js_scores": [0.6193869451250669, 0.6234557200760614, 0.6199098012896518, 0.6192515698916653, 0.6276531892665272]}