{"mauve": 0.5605856940164136, "js": 0.616027616681491, "frontier_integral": 0.8832333066949742, "mauve_scores": [0.5508609685256147, 0.5649631201010374, 0.558825246288283, 0.5601620704421215, 0.5681170647250109], "js_scores": [0.6283024718990473, 0.6104353094236205, 0.6180042419810291, 0.6164323853038411, 0.606963674799917]}