{"mauve": 0.5562885642505151, "js": 0.6214212998437133, "frontier_integral": 0.8911782163810618, "mauve_scores": [0.5545521684507182, 0.5604672585513476, 0.55382407507737, 0.5593746671267127, 0.5532246520464268], "js_scores": [0.6242296773918744, 0.6158428432909612, 0.6248410857807887, 0.6173211512609843, 0.6248717414939581]}