{"mauve": 0.5652747827988925, "js": 0.6106630961394515, "frontier_integral": 0.8744978756872304, "mauve_scores": [0.5658751625617288, 0.5625445920529493, 0.5635886543468656, 0.5732825175914416, 0.5610829874414778], "js_scores": [0.609801729904804, 0.6149846373489283, 0.612090905509477, 0.6008699505028594, 0.6155682574311891]}