{"mauve": 0.560952178738076, "js": 0.6163293151887445, "frontier_integral": 0.8825132648640256, "mauve_scores": [0.5596300200297917, 0.5538569753325912, 0.5625962833819007, 0.5590038298355087, 0.5696737851105875], "js_scores": [0.6179971789212835, 0.6253949237070622, 0.6141670776118896, 0.6189343732645973, 0.6051530224388896]}