{"mauve": 0.5409868333856636, "js": 0.6402824646725467, "frontier_integral": 0.9199752261978105, "mauve_scores": [0.5404460726438794, 0.5427975021238591, 0.5442650716850692, 0.5372322436417609, 0.5401932768337487], "js_scores": [0.6409724467439171, 0.6385862459742686, 0.6355198723465006, 0.6447186596190357, 0.6416150986790112]}