{"mauve": 0.5422061868230905, "js": 0.6385688416770581, "frontier_integral": 0.9176618541176831, "mauve_scores": [0.5455022750026801, 0.5450036933149798, 0.5376544304874171, 0.5433652735555438, 0.5395052617548315], "js_scores": [0.6346317154533545, 0.6348728158037156, 0.6443381868935342, 0.6367572256254272, 0.642244264609259]}