{"mauve": 0.5568868773608684, "js": 0.6208656914003072, "frontier_integral": 0.8900754556252106, "mauve_scores": [0.557981514507261, 0.5557257398012125, 0.5567622652377018, 0.5577939482464778, 0.5561709190116888], "js_scores": [0.6201934152522199, 0.6224718990057025, 0.6204852671451901, 0.6198608289961691, 0.6213170466022538]}