{"mauve": 0.5347836958315405, "js": 0.6478060556819812, "frontier_integral": 0.9318072222339021, "mauve_scores": [0.5316982271721458, 0.5297549204451206, 0.5395447633837984, 0.5374146777788466, 0.5355058903777914], "js_scores": [0.651845635963729, 0.6538529207757854, 0.6418425152007623, 0.6444310027487821, 0.6470582037208474]}