{"mauve": 0.5507797131291756, "js": 0.6280233142479029, "frontier_integral": 0.9015101702574106, "mauve_scores": [0.5479407474898697, 0.5445377161426235, 0.5506850764998282, 0.5537509175775569, 0.5569841079359994], "js_scores": [0.631324350517665, 0.636005212690841, 0.627813539374133, 0.6245663217178665, 0.6204071469390091]}