{"mauve": 0.5558783215723526, "js": 0.6221158544787553, "frontier_integral": 0.8919883615245083, "mauve_scores": [0.5644006103242589, 0.5499378571613537, 0.5519117107781575, 0.5600910791976755, 0.5530503504003177], "js_scores": [0.6119969216646588, 0.6291805009676608, 0.6266497461123288, 0.6165107214530069, 0.626241382196121]}