{"mauve": 0.5509027681333485, "js": 0.6281427331521368, "frontier_integral": 0.9012382720814112, "mauve_scores": [0.550957825584089, 0.5476000872327991, 0.5513764645705475, 0.5555275668038936, 0.5490518964754136], "js_scores": [0.6276748884269476, 0.6323103468222719, 0.6278300332375006, 0.6225638650756652, 0.6303345321982983]}