{"mauve": 0.5443591531695594, "js": 0.6359083939440746, "frontier_integral": 0.9136644155488474, "mauve_scores": [0.5583059418036646, 0.5449597729466198, 0.5333430667022705, 0.5469064664061769, 0.5382805179890655], "js_scores": [0.6188495531958786, 0.6347554765230138, 0.6498112551419941, 0.633073955280834, 0.6430517295786522]}