{"mauve": 0.5261603462795932, "js": 0.6594662159505555, "frontier_integral": 0.9483857027633122, "mauve_scores": [0.52687690681627, 0.5194152684053198, 0.528355832485621, 0.5357138341930583, 0.5204398894976967], "js_scores": [0.6590137962304135, 0.6679418869335536, 0.656561845647387, 0.6472463255119559, 0.6665672254294676]}