{"mauve": 0.5599393815206973, "js": 0.6170862402852049, "frontier_integral": 0.8843893611455167, "mauve_scores": [0.5562954130314727, 0.5639978587213802, 0.5636019025685255, 0.5590700133893903, 0.556731719892718], "js_scores": [0.6213612263725481, 0.6121033923505089, 0.6123023390579827, 0.6186078028366446, 0.6210564408083397]}