{"mauve": 0.5740509243659808, "js": 0.6001481710216702, "frontier_integral": 0.8583989743515847, "mauve_scores": [0.5655777728852189, 0.5698325904472268, 0.5784328496275578, 0.5778187594292932, 0.5785926494406075], "js_scores": [0.6107566823908676, 0.6046354750851374, 0.5948776494491755, 0.5954265975422862, 0.5950444506408841]}