{"mauve": 0.5164834013191294, "js": 0.6717853083298617, "frontier_integral": 0.967289126172869, "mauve_scores": [0.5071186526836916, 0.5181237522310344, 0.5217014276299037, 0.5111329989108078, 0.5243401751402097], "js_scores": [0.6837693951480179, 0.6699317406623823, 0.6651500391261559, 0.6786970846155209, 0.6613782820972316]}