{"mauve": 0.5586827528323715, "js": 0.6190185105165555, "frontier_integral": 0.8867266170616178, "mauve_scores": [0.5649737690903249, 0.5619664675664706, 0.5556045475647957, 0.5501598550091036, 0.5607091249311621], "js_scores": [0.6109814293994054, 0.6153121021561138, 0.6221957732250558, 0.6300326854077725, 0.6165705623944306]}