{"mauve": 0.5591992938459593, "js": 0.6176325148722277, "frontier_integral": 0.8857494174449794, "mauve_scores": [0.5577742110964599, 0.5613531652030102, 0.553010590909575, 0.5599973456362426, 0.5638611563845093], "js_scores": [0.6195291591231236, 0.6145382189821694, 0.6251335657223878, 0.6167940758230509, 0.6121675547104071]}