{"mauve": 0.5502158348617019, "js": 0.6288470586508292, "frontier_integral": 0.9025432296912943, "mauve_scores": [0.5479191218234921, 0.5483814374091275, 0.5515335307863287, 0.5519624187406756, 0.5512826655488856], "js_scores": [0.6315253170431803, 0.6310514793203401, 0.6269755911444694, 0.6271733541895042, 0.6275095515566529]}