{"mauve": 0.540134844114801, "js": 0.6415142407344235, "frontier_integral": 0.9215912941642941, "mauve_scores": [0.5425685174200303, 0.5439087141783576, 0.5356614516826106, 0.5406416624685504, 0.5378938748244559], "js_scores": [0.6381900405585881, 0.6368076144435533, 0.647203364811252, 0.6408355329015177, 0.6445346509572065]}