{"mauve": 0.5668810666061518, "js": 0.6091168996950416, "frontier_integral": 0.8715954606642373, "mauve_scores": [0.5755588115444235, 0.5623304060077993, 0.5677887344236603, 0.5667761360381891, 0.5619512450166864], "js_scores": [0.5991279429567389, 0.6144254496722044, 0.6076099001463229, 0.6089755239197537, 0.6154456817801878]}