{"mauve": 0.5279304516062246, "js": 0.6571333434676795, "frontier_integral": 0.9449353877399119, "mauve_scores": [0.5334255348359764, 0.5242072724752465, 0.5264347995448875, 0.5257424883036412, 0.5298421628713716], "js_scores": [0.6502200587111051, 0.6623674805134805, 0.6586828901655577, 0.6599534178051205, 0.654442870143134]}