{"mauve": 0.5713215731676607, "js": 0.6029365750621853, "frontier_integral": 0.8634130176592958, "mauve_scores": [0.5732632775334487, 0.5643965001918834, 0.5766819696352508, 0.5743436112614324, 0.5679225072162881], "js_scores": [0.6005801173386374, 0.6107403368116204, 0.5966032890956167, 0.5997710819819074, 0.606988050083145]}