{"mauve": 0.554614638605259, "js": 0.6232877084972289, "frontier_integral": 0.8943171130582034, "mauve_scores": [0.5557080023407379, 0.5565716383226396, 0.5563934592627418, 0.5512431200206505, 0.5531569730795249], "js_scores": [0.6221738639532848, 0.6207734041046108, 0.6212530552355282, 0.6274003468876473, 0.6248378723050734]}