{"mauve": 0.5558195686246454, "js": 0.622186319485847, "frontier_integral": 0.8920766684396234, "mauve_scores": [0.5583243416035982, 0.5503653817608023, 0.552439940770439, 0.5544960123672864, 0.5634721666211013], "js_scores": [0.6192389737306796, 0.6291146957250485, 0.6262120508240328, 0.6241370245929855, 0.6122288525564883]}