{"mauve": 0.5326797913425692, "js": 0.6508698927412537, "frontier_integral": 0.9358300602525395, "mauve_scores": [0.5369121679219754, 0.5337110202446895, 0.5334582672152355, 0.5319908738954162, 0.5273266274355295], "js_scores": [0.6456340873653652, 0.6495641686507675, 0.6498375806661816, 0.6520355213077693, 0.6572781057161848]}