{"mauve": 0.5155757114550708, "js": 0.6729300094745072, "frontier_integral": 0.9690232173186976, "mauve_scores": [0.5133597881583407, 0.5190831497679822, 0.51709920240821, 0.515625293278261, 0.5127111236625599], "js_scores": [0.6755187751106263, 0.6688316840931476, 0.6708847034306926, 0.6726422362657875, 0.6767726484722825]}