{"mauve": 0.5703673260599298, "js": 0.6039399303625312, "frontier_integral": 0.8651800884943363, "mauve_scores": [0.5716742256537246, 0.5719918357181888, 0.5636242844757848, 0.5744168350128627, 0.5701294494390877], "js_scores": [0.6021776784883885, 0.6017043215385187, 0.6115679971274625, 0.5996489023547622, 0.604600752303524]}