{"mauve": 0.5047987975517747, "js": 0.6868447838238028, "frontier_integral": 0.9903873678653365, "mauve_scores": [0.5044127820983373, 0.5040158958029451, 0.507691675466339, 0.5039191366232526, 0.5039544977679995], "js_scores": [0.6874645484438702, 0.687795606258387, 0.6829650455487297, 0.6880209888651068, 0.68797773000292]}