{"mauve": 0.5550763588486826, "js": 0.622896280577772, "frontier_integral": 0.893435450947206, "mauve_scores": [0.5554524947690609, 0.5558940927085301, 0.5554035946234288, 0.5574082169736987, 0.5512233951686946], "js_scores": [0.6224980872859953, 0.6221578417532686, 0.6220987190297991, 0.6195813690410157, 0.6281453857787812]}