{"mauve": 0.5682385601246516, "js": 0.6073833730936418, "frontier_integral": 0.8690094168082212, "mauve_scores": [0.5709904040676558, 0.5650038765982248, 0.5713171640491008, 0.5621885911992108, 0.5716927647090656], "js_scores": [0.6035597099699779, 0.6117720328466139, 0.6035075006807458, 0.614510965319848, 0.6035666566510229]}