{"mauve": 0.5699602787325454, "js": 0.6050599760328628, "frontier_integral": 0.8658648551781754, "mauve_scores": [0.5728363738788629, 0.5707486541711237, 0.5692327789299456, 0.570872725784817, 0.5661108608979779], "js_scores": [0.6017716997946131, 0.6035591390169508, 0.6059477529298627, 0.6043459038153883, 0.6096753846074989]}