{"mauve": 0.5677987571446073, "js": 0.6068493260300393, "frontier_integral": 0.8698886970710827, "mauve_scores": [0.564606386597851, 0.5693541353826378, 0.5630864117545682, 0.5697380358618267, 0.5722088161261527], "js_scores": [0.6108949945914606, 0.6047970905118782, 0.6125419484914372, 0.604646158691218, 0.6013664378642023]}