{"mauve": 0.5242309644525346, "js": 0.662017373606411, "frontier_integral": 0.952092789345147, "mauve_scores": [0.5242373500236285, 0.5270475082688979, 0.5285240201310906, 0.5188926007186504, 0.5224533431204054], "js_scores": [0.6618789309583313, 0.6586724378313265, 0.6561750293456471, 0.6689005302380919, 0.6644599396586579]}