{"mauve": 0.5477980395223534, "js": 0.6318539871617599, "frontier_integral": 0.9070840370352375, "mauve_scores": [0.542315843163487, 0.5428969170038107, 0.5467964694082612, 0.5456482932630081, 0.5613326747731999], "js_scores": [0.6391101191956428, 0.6380571508729276, 0.633194102579499, 0.6339711667147336, 0.6149373964459963]}