{"mauve": 0.660855531345939, "js": 0.5058178769465311, "frontier_integral": 0.7087275890499367, "forward": 2.8112976905498055, "backward": 3.035613282947875, "mauve_scores": [0.6621837602109694, 0.6575900120692726, 0.6601212915186042, 0.6583961910609014, 0.6659864018699472], "forward_scores": [2.8155443161214135, 2.894586927757851, 2.7753140991991825, 2.837949163147293, 2.733093946523289], "backward_scores": [2.96694809504233, 3.0560271474513807, 3.0369564693914275, 3.0514094857477123, 3.066725217106525], "js_scores": [0.5045510578310395, 0.5092054962856416, 0.5069574079509094, 0.5087567321321032, 0.49961869053296204]}