{"mauve": 0.6974756535512129, "js": 0.463889255591906, "frontier_integral": 0.6480756713942443, "forward": 2.5403069842914, "backward": 2.6616545258583537, "mauve_scores": [0.6938752288336434, 0.6960563768228933, 0.6999179774947359, 0.7068066755563933, 0.6907220090483984], "forward_scores": [2.5770281110200557, 2.5601777347164605, 2.480041312153889, 2.4326745211374297, 2.651613242429165], "backward_scores": [2.67106063483461, 2.698151598010087, 2.672012512845748, 2.5539320568899417, 2.7131158267113804], "js_scores": [0.4681009862025799, 0.46546561151247146, 0.46083365913421437, 0.4538744079629488, 0.4711716131473154]}