{"mauve": 0.6973469773452232, "js": 0.4639022576254286, "frontier_integral": 0.6482606841685222, "forward": 2.562440551642554, "backward": 2.6622640155119504, "mauve_scores": [0.6963223458903045, 0.7003840267149546, 0.6990889332921317, 0.6902373523237907, 0.7007022285049347], "forward_scores": [2.5513902045432073, 2.5103596512959587, 2.6278603623327594, 2.621074768119067, 2.5015177719217774], "backward_scores": [2.5620477229008065, 2.6601816514066603, 2.7192003246362626, 2.6938057258850217, 2.676084652731002], "js_scores": [0.46594125738581715, 0.460362752144638, 0.4610772491198438, 0.47219680424865573, 0.4599332252281883]}