{"mauve": 0.6886092784481673, "js": 0.47380612698772706, "frontier_integral": 0.6625876107158041, "forward": 2.5698633804187456, "backward": 2.8330124926972275, "mauve_scores": [0.6852535401393285, 0.6881682875460423, 0.6898690281694382, 0.688641975533578, 0.6911135608524495], "forward_scores": [2.623849450052512, 2.5356381981322165, 2.5451855768300717, 2.63946668345367, 2.5051769936252573], "backward_scores": [2.8242983944457105, 2.867485141042465, 2.9040414660548657, 2.768607525443257, 2.800629936499838], "js_scores": [0.4776814767965375, 0.4744296147472512, 0.47210090269684746, 0.47364174894656175, 0.4711768917514373]}