{"mauve": 0.7044368750885346, "js": 0.4557343954053851, "frontier_integral": 0.6364903916322497, "forward": 2.3915080574415883, "backward": 2.760563089850231, "mauve_scores": [0.7065876532922817, 0.7057399668759354, 0.708841482596061, 0.7030715655740998, 0.6979437071042944], "forward_scores": [2.3627490436070246, 2.398748756197521, 2.3104995989929353, 2.454890585952133, 2.4306523024583284], "backward_scores": [2.8056792120646463, 2.6934010264782557, 2.73157224604947, 2.7199437581919286, 2.852219206466857], "js_scores": [0.45288326225495534, 0.4544547972784807, 0.45080369478210613, 0.45746886814943843, 0.4630613545619444]}