{"mauve": 0.6983087618775902, "js": 0.46238279909221447, "frontier_integral": 0.6466072688695466, "forward": 2.566620628890775, "backward": 2.7039295201994835, "mauve_scores": [0.70279087150381, 0.6933767844279491, 0.697405981604195, 0.7005965368908281, 0.6973736349611683], "forward_scores": [2.5077912726264247, 2.5608371752934573, 2.6699452646723976, 2.5417549168538978, 2.552774515007697], "backward_scores": [2.624546861884174, 2.791281815582337, 2.540179641984047, 2.7473884342335952, 2.8162508473132655], "js_scores": [0.4575362317383701, 0.4679892350900625, 0.46385636911433914, 0.4594191947660015, 0.4631129647522991]}