{"mauve": 0.68902710934837, "js": 0.4731543377281867, "frontier_integral": 0.6619087395194263, "forward": 2.5992929332517756, "backward": 2.808915996933342, "mauve_scores": [0.6849595487901166, 0.6934356160967394, 0.6832916238729208, 0.6917311129069984, 0.6917176450750746], "forward_scores": [2.668395253374064, 2.5804896286499313, 2.650565309103717, 2.5449748346330674, 2.552039640498097], "backward_scores": [2.728343880174466, 2.798293097769172, 2.816701608534344, 2.818651315503033, 2.8825900826856947], "js_scores": [0.47821883682685096, 0.46792108887660416, 0.479837653814089, 0.4700818815164529, 0.4697122276069366]}