{"mauve": 0.6953280811161473, "js": 0.4663110377213683, "frontier_integral": 0.6515705874121833, "forward": 2.5538295334756485, "backward": 2.715929025112083, "mauve_scores": [0.6990976993868414, 0.6894547815610477, 0.7032405409620496, 0.6922432414905932, 0.6926041421802047], "forward_scores": [2.528921780635898, 2.568701348789937, 2.526398561335473, 2.5744199457905705, 2.570706030826363], "backward_scores": [2.647267252789912, 2.8008669916040145, 2.5400787814000307, 2.7796585017394917, 2.811773598026967], "js_scores": [0.46220698962693907, 0.47309109973840335, 0.45768793644625305, 0.4695568892254587, 0.46901227356978736]}