{"mauve": 0.6896964829061115, "js": 0.4720954732428503, "frontier_integral": 0.6608137081939829, "forward": 2.679280359203304, "backward": 2.7249152706675352, "mauve_scores": [0.6977046618706235, 0.6930438011781928, 0.6890919806399345, 0.6829086503053803, 0.6857333205364267], "forward_scores": [2.637438952981311, 2.6427135423420687, 2.767876731721309, 2.7213344639456296, 2.6270381050262026], "backward_scores": [2.69227343465462, 2.6944734371050947, 2.668724159287142, 2.7627410891755178, 2.806364233115304], "js_scores": [0.4624562071260454, 0.4683516785398812, 0.47266213749557595, 0.48021448964358265, 0.476792853409166]}