{"mauve": 0.7043112755261213, "js": 0.455965417400847, "frontier_integral": 0.6367981358696229, "forward": 2.446259431876668, "backward": 2.6532973123312202, "mauve_scores": [0.7052574749114188, 0.7095907299087336, 0.6979372846017461, 0.7022587239983502, 0.7065121642103576], "forward_scores": [2.522338157655177, 2.3799852110063644, 2.4953776160319783, 2.4837121160159636, 2.3498840586738563], "backward_scores": [2.5599304430798147, 2.644921906560595, 2.6940185059640527, 2.648554563939993, 2.7190611421116473], "js_scores": [0.4547862489110359, 0.450111071630298, 0.4633385190246228, 0.45833456212515067, 0.45325668531312724]}