{"mauve": 0.6895029550948756, "js": 0.47268464759831746, "frontier_integral": 0.6611491501307345, "forward": 2.625979156968957, "backward": 2.753842866689694, "mauve_scores": [0.6865652354949406, 0.6918575915741356, 0.6911030054932936, 0.6882940154793105, 0.689694927432698], "forward_scores": [2.596542986504869, 2.56579840993039, 2.6403532749684855, 2.6081130066566347, 2.7190881067844037], "backward_scores": [2.7812007973090105, 2.7642428465679227, 2.7147553364252186, 2.788463243652183, 2.7205521094941356], "js_scores": [0.4763664640940083, 0.470150496465862, 0.47072964521143124, 0.47423461541206824, 0.47194201680821757]}