{"mauve": 0.646575845203792, "js": 0.522167833524002, "frontier_integral": 0.7327551596437788, "forward": 2.9684598570207807, "backward": 3.1508870840816483, "mauve_scores": [0.6473682411387978, 0.6440417260566964, 0.6470137757669769, 0.6492931715426218, 0.6451623115138666], "forward_scores": [2.978640341602995, 3.014350615093834, 2.9462818869932588, 2.9609505118360824, 2.9420759295777352], "backward_scores": [3.0582471719179254, 3.241097332873666, 3.1390217658448876, 3.052110770855331, 3.263958378916434], "js_scores": [0.5215792707851081, 0.5246235452977841, 0.5217600508216604, 0.5193820938628847, 0.5234942068525723]}