{"mauve": 0.6971392426829857, "js": 0.46423534649952847, "frontier_integral": 0.6486137590091002, "forward": 2.577596549088709, "backward": 2.6618323025095867, "mauve_scores": [0.7069543575680189, 0.6902217667665594, 0.6988199306073428, 0.6902795881452238, 0.6994205703277829], "forward_scores": [2.4652304412157964, 2.5855890072395002, 2.538663476033587, 2.7002763448685347, 2.598223476086125], "backward_scores": [2.5704589232270094, 2.8698512240659015, 2.5978102598639556, 2.663817394839273, 2.6072237105517946], "js_scores": [0.45332121763146316, 0.47185862269424617, 0.46264088157108896, 0.4718594501205661, 0.4614965604802779]}