{"mauve": 0.6656978727839925, "js": 0.49988440699196346, "frontier_integral": 0.700562015422026, "forward": 2.740093675580751, "backward": 3.0658644746891177, "mauve_scores": [0.6584063536603454, 0.6627759269976928, 0.673208667002335, 0.6696318521275397, 0.6644665641320494], "forward_scores": [2.8621055160869995, 2.78451813124504, 2.581833449351839, 2.725757033602076, 2.746254247617799], "backward_scores": [3.0992877430120376, 3.063631015578404, 3.0728130224463466, 2.931784681003344, 3.161805911405456], "js_scores": [0.5082152299613885, 0.5032780986198823, 0.491246921973919, 0.4958109575517162, 0.5008708268529114]}