{"mauve": 0.7086233606556445, "js": 0.4510765760741181, "frontier_integral": 0.6296564047851213, "forward": 2.341662429388909, "backward": 2.7113369511319396, "mauve_scores": [0.7210841686109173, 0.6965870838679578, 0.7076165527314948, 0.7090522114843267, 0.7087767865835262], "forward_scores": [2.214549595029702, 2.4494529924648027, 2.373631322010137, 2.3355075431438017, 2.3351706942960986], "backward_scores": [2.6518364021673744, 2.850295776869405, 2.6702872717952846, 2.755703275929894, 2.62856202889774], "js_scores": [0.4367268487977102, 0.4642043526546652, 0.45242403153682054, 0.4505235130957337, 0.45150413428566083]}