{"mauve": 0.6953328393907986, "js": 0.4659165473645011, "frontier_integral": 0.6515384892337313, "forward": 2.590524782141187, "backward": 2.705228837513208, "mauve_scores": [0.6958922890374508, 0.6973446520450601, 0.693773919220674, 0.6899138372823665, 0.6997394993684419], "forward_scores": [2.519848495412557, 2.637410225093426, 2.5960458501459063, 2.6039882576027282, 2.5953310824513203], "backward_scores": [2.7524696475383092, 2.6983043723358784, 2.616807407156929, 2.756575641872871, 2.701987118662053], "js_scores": [0.4655691386005699, 0.46291797814490787, 0.46836659796796365, 0.4721266874947445, 0.46060233461431943]}