{"mauve": 0.6920969920967706, "js": 0.46945854836665707, "frontier_integral": 0.6568308705695995, "forward": 2.5955505847729654, "backward": 2.797477462727643, "mauve_scores": [0.6974317862595385, 0.6955767888529047, 0.6911295637248938, 0.6948075494401754, 0.6815392722063398], "forward_scores": [2.5451024825000914, 2.60878138121205, 2.554977275674947, 2.600247514202899, 2.6686442702748385], "backward_scores": [2.644893082528717, 2.7106237716049857, 2.9768360613191676, 2.809885574623506, 2.84514882356184], "js_scores": [0.4641742890949803, 0.4655117890108725, 0.4698037839007765, 0.46591587868332407, 0.48188700114333194]}