{"mauve": 0.6984295310256535, "js": 0.4627949671068741, "frontier_integral": 0.6464813531941036, "forward": 2.5077095684601076, "backward": 2.6892800213742802, "mauve_scores": [0.7029498004754682, 0.6978351118576871, 0.7044184349539363, 0.6878532482136486, 0.6990910596275274], "forward_scores": [2.4379581281903993, 2.494989102340705, 2.465508090973705, 2.6247627160352582, 2.51532980476047], "backward_scores": [2.637633779493662, 2.6624868387707137, 2.631277364545674, 2.7539929251397806, 2.76100919892157], "js_scores": [0.45794095214417196, 0.4638614487120116, 0.4556757700286983, 0.47492901130054244, 0.4615676533489462]}