{"mauve": 0.7036627992830352, "js": 0.45663567703091096, "frontier_integral": 0.637858577254072, "forward": 2.468990043015893, "backward": 2.6628825530854217, "mauve_scores": [0.7053499194585069, 0.7015604083992737, 0.7032936703846449, 0.6999353044124961, 0.7081746937602548], "forward_scores": [2.4008528370261764, 2.464970280391665, 2.4900880300819184, 2.4536219185135453, 2.53541714906616], "backward_scores": [2.633345313780673, 2.648713522820646, 2.6709357325819356, 2.805604117287331, 2.5558140789565216], "js_scores": [0.455236914857859, 0.45935498770281813, 0.4567950045794138, 0.4606129902776227, 0.4511784877368414]}