{"mauve": 0.689709053007715, "js": 0.4726208571666152, "frontier_integral": 0.6607707068987256, "forward": 2.5447250960665326, "backward": 2.832436479416148, "mauve_scores": [0.6906678763376779, 0.6909355471662955, 0.6951101523249492, 0.6851933153859346, 0.6866383738237176], "forward_scores": [2.5757985210172882, 2.523691067971197, 2.4857002293955213, 2.5967093053051897, 2.541726356643467], "backward_scores": [2.7201572707741737, 2.7634138640233847, 2.7813117368675795, 2.8368074494759847, 3.0604920759396155], "js_scores": [0.4719147520493426, 0.47139744692001156, 0.46663550690663447, 0.4778488709792127, 0.4753077089778748]}