{"mauve": 0.7004521146297764, "js": 0.4606004466889364, "frontier_integral": 0.6431442595255553, "forward": 2.4717780905910294, "backward": 2.6945906064969205, "mauve_scores": [0.7035771525510958, 0.7009204473948449, 0.7010078206873517, 0.7013412076213268, 0.6954139448942632], "forward_scores": [2.3795164614858146, 2.461538120315669, 2.496184278727835, 2.5143322738251035, 2.5073193186007257], "backward_scores": [2.632309539571564, 2.7591151550884696, 2.6390684683744428, 2.7112222349189343, 2.731237634531192], "js_scores": [0.45785199601714344, 0.45982704991806195, 0.45984762349858355, 0.45917736946917825, 0.46629819454171473]}