{"mauve": 0.6716452347871446, "js": 0.49309437000314527, "frontier_integral": 0.6907156402180318, "forward": 2.78941370187536, "backward": 2.9057435741135444, "mauve_scores": [0.6712481290677221, 0.6728067560997741, 0.673188484256517, 0.6699057974253337, 0.6710770070863757], "forward_scores": [2.72656675737672, 2.7764005417563093, 2.8350554464992257, 2.8359981600945603, 2.773047603649985], "backward_scores": [2.93550614150446, 2.854444323538498, 2.8626696704267522, 2.892816921384578, 2.9832808137134332], "js_scores": [0.4939136159805293, 0.4920642392779225, 0.49104187317339076, 0.49487549115994217, 0.49357663042394173]}