{"mauve": 0.6559627913090408, "js": 0.5111517024542029, "frontier_integral": 0.7168710040394096, "forward": 2.8346021217292887, "backward": 3.148153984916566, "mauve_scores": [0.6611241924358744, 0.6525125895443564, 0.6520761881956827, 0.6598044288404792, 0.654296557528811], "forward_scores": [2.8410254512449957, 2.95081622275616, 2.774201114346914, 2.7281268841213215, 2.878840936177053], "backward_scores": [2.997635769583511, 3.0979918655333307, 3.2840770592721182, 3.1689643375071275, 3.1921008926867427], "js_scores": [0.5054494850965567, 0.5151720933247195, 0.5155165132583779, 0.5068250434586201, 0.5127953771327403]}