{"mauve": 0.6938069061431118, "js": 0.46804602177402027, "frontier_integral": 0.6540596031396712, "forward": 2.5221886120857953, "backward": 2.7503634898851277, "mauve_scores": [0.7027970121406957, 0.6933444519617324, 0.6956353386001037, 0.6874585918284444, 0.6897991361845832], "forward_scores": [2.463175625346966, 2.5645295624335884, 2.530142653637457, 2.5857219143404135, 2.4673733046705526], "backward_scores": [2.5875745365474447, 2.7575736657246104, 2.659401293155708, 2.8487140772303667, 2.898553876767508], "js_scores": [0.45818976628120955, 0.46814996292072064, 0.4663442088467892, 0.4751067886201688, 0.47243938220121334]}