{"mauve": 0.6932177531929503, "js": 0.46871040141050135, "frontier_integral": 0.6550481486262608, "forward": 2.5644109911958806, "backward": 2.718648323220967, "mauve_scores": [0.6956648691846217, 0.6930880589281545, 0.6925966742369141, 0.6931413699050482, 0.6915977937100131], "forward_scores": [2.551716098500123, 2.5960312873851716, 2.530936487092706, 2.525093449523508, 2.618277633477896], "backward_scores": [2.6804664832171667, 2.689465842930021, 2.751698485142129, 2.747384564364379, 2.724226240451138], "js_scores": [0.4660560355354592, 0.4687856572778384, 0.469625907128292, 0.46879648092080584, 0.47028792619011117]}