{"mauve": 0.683834229428711, "js": 0.4792426738927832, "frontier_integral": 0.6705262798066762, "forward": 2.6703281605684124, "backward": 2.7956880001243256, "mauve_scores": [0.6803378641589386, 0.6883443599366352, 0.6915261325870479, 0.6763263883870612, 0.6826364020738719], "forward_scores": [2.7628930491014247, 2.6012944748666724, 2.578325792593052, 2.716054659986027, 2.6930728262948884], "backward_scores": [2.7653613662444916, 2.7967802764858036, 2.730311780699865, 2.860004570050875, 2.8259820071405914], "js_scores": [0.48315220515086493, 0.47400987127853067, 0.4705280375229568, 0.4879651487875567, 0.4805581067240068]}