{"mauve": 0.6882955405492257, "js": 0.47424943048064067, "frontier_integral": 0.6631627510035428, "forward": 2.6251135573280675, "backward": 2.7516699524175405, "mauve_scores": [0.6833499447553784, 0.684681566002837, 0.6978828863258, 0.6879595231866529, 0.68760378247546], "forward_scores": [2.59966336626288, 2.745422507668362, 2.582816617729501, 2.5889251342475497, 2.608740160732044], "backward_scores": [2.841470414883175, 2.769355684252805, 2.591162769888424, 2.762619588397397, 2.7937413046659003], "js_scores": [0.4800697608372011, 0.4776939895488484, 0.4633739944273203, 0.47503854640494547, 0.4750708611848878]}