{"mauve": 0.6787419980627748, "js": 0.48521325232005597, "frontier_integral": 0.6788720288640099, "forward": 2.6067251476293896, "backward": 2.9415581471163796, "mauve_scores": [0.6789387937052911, 0.6867964298660597, 0.6742587566351179, 0.6789736322887573, 0.6747423778186477], "forward_scores": [2.5986608884531095, 2.5492576591594185, 2.6922914232377666, 2.5855463492871595, 2.607869418009493], "backward_scores": [2.898727055852607, 2.993535874478475, 2.882818230711655, 2.9144086850551325, 3.0183008894840295], "js_scores": [0.4853810827159774, 0.47512954927641826, 0.4906487834571104, 0.48511380388319236, 0.4897930422675812]}