{"mauve": 0.6952066573573588, "js": 0.4664946403426497, "frontier_integral": 0.6517911724452725, "forward": 2.559981300259678, "backward": 2.6736700891572314, "mauve_scores": [0.6929945649694699, 0.6989691412750827, 0.6995962930429516, 0.6929794916205901, 0.6914937958786989], "forward_scores": [2.5093920098207256, 2.583380356231801, 2.5313783958550014, 2.5602569011969267, 2.6154988381939366], "backward_scores": [2.865006642523823, 2.579677118584158, 2.570034747305123, 2.6480444085201187, 2.7055875288529356], "js_scores": [0.4683936203833927, 0.46231393685056066, 0.4618047980752901, 0.4695365520173823, 0.4704242943866226]}