{"mauve": 0.6956209992000144, "js": 0.4658929226484524, "frontier_integral": 0.6510687428336613, "forward": 2.5244437681101233, "backward": 2.7319960245545793, "mauve_scores": [0.6929134416162753, 0.693416176430047, 0.6922514256867822, 0.700049855095669, 0.6994740971712985], "forward_scores": [2.543960341510261, 2.4860292969887006, 2.5165691573707596, 2.4870201712518436, 2.58863987342905], "backward_scores": [2.7065820509736924, 2.8371950270261577, 2.7941360803776942, 2.7368236989146175, 2.585243265480735], "js_scores": [0.46922803429126686, 0.468157516021547, 0.46978148934994823, 0.46078035957826124, 0.4615172140012387]}