{"mauve": 0.6955104956477359, "js": 0.4659175024459404, "frontier_integral": 0.6512732672918403, "forward": 2.5958113452062177, "backward": 2.68328056366441, "mauve_scores": [0.6987180218205717, 0.6924449512031562, 0.6903710831299474, 0.701458504920565, 0.6945599171644394], "forward_scores": [2.5448274579582635, 2.6367261022507766, 2.591103284500964, 2.530626559808623, 2.675773321512463], "backward_scores": [2.6862174930765432, 2.763501008508716, 2.750318851326623, 2.562854676786365, 2.653510788623801], "js_scores": [0.46220272593453016, 0.46914886939113687, 0.47185554319158496, 0.45972057962874735, 0.4666597940837025]}