{"mauve": 0.6938313982446067, "js": 0.46783174187682136, "frontier_integral": 0.6540156492757777, "forward": 2.587737183750536, "backward": 2.728875488891721, "mauve_scores": [0.6955723816685805, 0.697601472776441, 0.6905677797354303, 0.6914796757926069, 0.6939356812499753], "forward_scores": [2.576558881373209, 2.572701932260521, 2.571506597462904, 2.552065363218526, 2.665853144437519], "backward_scores": [2.638827340177598, 2.751774789452945, 2.697709791928486, 2.831833070345625, 2.7242324525539505], "js_scores": [0.46624069202269136, 0.4633558193441405, 0.47202988101346094, 0.4703690351997331, 0.46716328180408095]}