{"mauve": 0.688321340553496, "js": 0.4742757811518092, "frontier_integral": 0.6631128140412861, "forward": 2.626730504715219, "backward": 2.7626038066764833, "mauve_scores": [0.686325349205642, 0.6938988471405141, 0.6908649709120955, 0.6840347584489517, 0.6864827770602766], "forward_scores": [2.6200032927241526, 2.619915550028303, 2.5526951092437855, 2.698034672495691, 2.6430038990841633], "backward_scores": [2.7372564773934736, 2.7082127940430207, 2.789112967004284, 2.824063940792307, 2.754372854149332], "js_scores": [0.47710420116994645, 0.4676500779957393, 0.47111496733773395, 0.4789925120509131, 0.47651714720471305]}