{"mauve": 0.6542826842803839, "js": 0.5133264752626735, "frontier_integral": 0.7196861841340549, "forward": 2.8207630375397272, "backward": 3.1500969492475583, "mauve_scores": [0.6533916375085883, 0.6539861989048914, 0.65677657144719, 0.6541295587949136, 0.6531294547463363], "forward_scores": [2.8749049824093587, 2.6729033336945545, 2.726226775977867, 2.887236101588591, 2.9425439940282643], "backward_scores": [3.1176211378492282, 3.320448241678958, 3.2281741582411407, 3.075397893416964, 3.0088433150514993], "js_scores": [0.5143497141102946, 0.513585348255603, 0.5102351530667667, 0.5135926250994447, 0.5148695357812586]}