{"mauve": 0.6991349303402683, "js": 0.4616783987589307, "frontier_integral": 0.6452837553123034, "forward": 2.5140422194680774, "backward": 2.710573381711181, "mauve_scores": [0.697593568400094, 0.7027220060599697, 0.70039133451659, 0.7027385026420223, 0.6922292400826654], "forward_scores": [2.5128182189139565, 2.486278108508015, 2.511272344834037, 2.515103235114959, 2.54473918996942], "backward_scores": [2.70970688786996, 2.746321656813154, 2.626442035840884, 2.664105828480355, 2.8062904995515514], "js_scores": [0.46353467899238354, 0.4573403645309637, 0.4604797236208867, 0.45745179823173127, 0.46958542841868856]}