{"mauve": 0.6559516858814215, "js": 0.5114543116859491, "frontier_integral": 0.7169355814490729, "forward": 2.849296894891542, "backward": 3.0882397173427405, "mauve_scores": [0.6568779487556313, 0.6546484315802634, 0.6572437204018682, 0.6578365229728982, 0.6531518056964465], "forward_scores": [2.8669616667240128, 2.921549790464913, 2.725484254669531, 2.8710919668679504, 2.8613967957313045], "backward_scores": [3.016222753915878, 3.0390260340719983, 3.2370363366716384, 2.9534200602745693, 3.195493401779618], "js_scores": [0.5106315080794391, 0.5129910045254225, 0.509646120619226, 0.5097219202945446, 0.5142810049111133]}