{"mauve": 0.7020524813017269, "js": 0.45857734973598985, "frontier_integral": 0.6405306672907034, "forward": 2.48774727723709, "backward": 2.6609882708398978, "mauve_scores": [0.7055455925028026, 0.6953691289580504, 0.7111413233159544, 0.7008240128950096, 0.6973823488368175], "forward_scores": [2.4243526214183557, 2.5476177969144005, 2.467671630899543, 2.4544484216672067, 2.544645915285944], "backward_scores": [2.696201962830173, 2.6681102812563937, 2.4839069349653373, 2.6356212222685853, 2.821100952879001], "js_scores": [0.4546612137630357, 0.4662182019612089, 0.4484026412072292, 0.4605337687587603, 0.46307092298971525]}