{"mauve": 0.690539602970873, "js": 0.47200683946317135, "frontier_integral": 0.6595018501308292, "forward": 2.6157703759139905, "backward": 2.6839177720884835, "mauve_scores": [0.6866429169630102, 0.6893686034154447, 0.694009001945529, 0.6863063441514906, 0.6963711483788909], "forward_scores": [2.6305593030315433, 2.6117926479936746, 2.5994492669107823, 2.5967736928941165, 2.640276968739837], "backward_scores": [2.7812847394836844, 2.7157870420650503, 2.669870177572238, 2.711643795875508, 2.541003105445936], "js_scores": [0.4761074362994378, 0.4732935664033387, 0.4681638449706428, 0.4772056947905484, 0.4652636548518889]}