{"mauve": 0.6941536703904159, "js": 0.4670947482523993, "frontier_integral": 0.6534644445177198, "forward": 2.5897902771090062, "backward": 2.7685655282814117, "mauve_scores": [0.6893971207765031, 0.7099630174135336, 0.6897816420032792, 0.6802288564866024, 0.7013977152721611], "forward_scores": [2.5871173358262465, 2.5235927787883443, 2.683759977139196, 2.6908386703099882, 2.463642623481256], "backward_scores": [2.8028593682838836, 2.550014292818238, 2.7995184984168415, 2.8754682711039603, 2.814967210784137], "js_scores": [0.472679289478073, 0.44906335009824994, 0.47180080716866224, 0.48319842782309963, 0.4587318666939119]}