{"mauve": 0.6471975096810775, "js": 0.5117080096364602, "frontier_integral": 0.7295429561657681, "mauve_scores": [0.640431730138489, 0.6404912338617905, 0.6524590027745922, 0.6542328004574858, 0.6483727811730301], "js_scores": [0.5193066191712683, 0.5193147960578155, 0.5062807458342826, 0.5036133272326815, 0.510024559886253]}