{"mauve": 0.5453691813585244, "js": 0.6342100653344236, "frontier_integral": 0.9116500480173471, "mauve_scores": [0.546528552206965, 0.5417953048722071, 0.5507678136970564, 0.5450024874612835, 0.5427517485551099], "js_scores": [0.6329332403251351, 0.638441436504589, 0.627562983860713, 0.6348101159694386, 0.6373025500122421]}