{"mauve": 0.6478378820410609, "js": 0.5109091717226725, "frontier_integral": 0.7285339286845144, "mauve_scores": [0.6544045120728903, 0.6395577616727453, 0.6529953376755021, 0.6423896405201067, 0.6498421582640598], "js_scores": [0.5037834760062955, 0.5207462212492411, 0.5049301679146101, 0.5163037077489725, 0.5087822856942429]}