{"mauve": 0.6480216688806347, "js": 0.5114393368198307, "frontier_integral": 0.7282790222020294, "mauve_scores": [0.6457720495417547, 0.651973879257451, 0.6487237192473774, 0.6402272298271886, 0.6534114665294017], "js_scores": [0.514880886606595, 0.5062071192644124, 0.5100340516069395, 0.5204646472958624, 0.505609979325344]}