{"mauve": 0.5120708211241697, "js": 0.6776270955963094, "frontier_integral": 0.9759255866081731, "mauve_scores": [0.5142004472605635, 0.5098653768384169, 0.5122354262085045, 0.5139163111228038, 0.5101365441905592], "js_scores": [0.674710417504829, 0.680499879029459, 0.6775719578766544, 0.6752594738350369, 0.6800937497355677]}