{"mauve": 0.655568786348387, "js": 0.5025092219008991, "frontier_integral": 0.715406073874149, "mauve_scores": [0.6571277603302064, 0.6475004508817799, 0.6584538521662534, 0.6534364882932994, 0.6613253800703962], "js_scores": [0.5005735957736704, 0.5113772490635909, 0.499595428446984, 0.5051515949432738, 0.49584824127697646]}