{"mauve": 0.6520006500938815, "js": 0.5069916967670214, "frontier_integral": 0.7215284113961646, "mauve_scores": [0.6528345385978411, 0.6512985526551853, 0.6531504963527606, 0.645623652800112, 0.6570960100635088], "js_scores": [0.5061331290624086, 0.5073518689132994, 0.5057425307428195, 0.5139778097624657, 0.5017531453541135]}