{"mauve": 0.6254049985542741, "js": 0.5368190359984194, "frontier_integral": 0.7669681629331027, "mauve_scores": [0.6213134621059038, 0.6265895400523135, 0.6255737346785044, 0.6279475550274183, 0.6256007009072304], "js_scores": [0.5419365000865002, 0.5352642307166101, 0.5363333647092942, 0.5336537724319081, 0.5369073120477844]}