{"mauve": 0.6406375550563684, "js": 0.5191004839706178, "frontier_integral": 0.7407929623448679, "mauve_scores": [0.6416291400812802, 0.6336241870563087, 0.6486776579073954, 0.640582652192031, 0.6386741380448264], "js_scores": [0.5176032562661854, 0.5273203923673562, 0.5099846813027145, 0.5189594709158107, 0.5216346190010224]}