{"mauve": 0.6426612795524183, "js": 0.5171026714072993, "frontier_integral": 0.7374245233132622, "mauve_scores": [0.6327981833090939, 0.6421585794690485, 0.6525898266396553, 0.6416044598227382, 0.644155348521555], "js_scores": [0.5287282805382078, 0.5178858262882879, 0.5059360861526906, 0.5179542222349147, 0.5150089418223954]}