{"mauve": 0.6243910232640738, "js": 0.537674588993661, "frontier_integral": 0.7688232887914184, "mauve_scores": [0.622294509963719, 0.6239960752693601, 0.6140725309610005, 0.6308729862642666, 0.630719013862023], "js_scores": [0.5401545840854167, 0.5377245530832084, 0.5498682889949048, 0.5303304753442937, 0.5302950434604816]}