{"mauve": 0.6568372862568925, "js": 0.5013610848380011, "frontier_integral": 0.7133410666826476, "mauve_scores": [0.6539654522323959, 0.6641363318932124, 0.6587138819358389, 0.6537596039129505, 0.653611161310065], "js_scores": [0.50445377003339, 0.4928788403776954, 0.49910091425007974, 0.5051266507325356, 0.5052452487963048]}