{"mauve": 0.652616910400388, "js": 0.505749186511051, "frontier_integral": 0.7204354412774837, "mauve_scores": [0.6544916410338419, 0.6431597867503792, 0.651341457513444, 0.6525994236008039, 0.6614922431034715], "js_scores": [0.5033782379213965, 0.5171299759615127, 0.5068098968491117, 0.5049819607027443, 0.49644586112048983]}