{"mauve": 0.6562234946287491, "js": 0.502209065185893, "frontier_integral": 0.7143921829536399, "mauve_scores": [0.6534859988365211, 0.6562663174734914, 0.6577799294502289, 0.6485380255200496, 0.665047201863455], "js_scores": [0.5047961001442212, 0.502525670931915, 0.5007377222144169, 0.5104494906867122, 0.4925363419522003]}