{"mauve": 0.6366196054706675, "js": 0.5233748515690311, "frontier_integral": 0.7476079545239978, "mauve_scores": [0.6302775267038876, 0.6393979629634461, 0.6402781599784823, 0.6351240614087558, 0.6380203162987661], "js_scores": [0.5308493961484115, 0.5195048098884208, 0.5195534527730326, 0.5250932119171494, 0.5218733871181408]}