{"mauve": 0.6463279564722781, "js": 0.5125633270186969, "frontier_integral": 0.7310699554361759, "mauve_scores": [0.6430177437748459, 0.6420894833009492, 0.6679535631087895, 0.6422965326555288, 0.6362824595212769], "js_scores": [0.5164367748998906, 0.517609830012438, 0.4877343554828604, 0.5164980852184026, 0.5245375894798926]}