{"mauve": 0.6525494176701588, "js": 0.5052091620800682, "frontier_integral": 0.7204147175614324, "mauve_scores": [0.6545550482211699, 0.6490910479866963, 0.6598507833877947, 0.6501596925641683, 0.6490905161909655], "js_scores": [0.5034049782705395, 0.5088200837215084, 0.496359195167814, 0.5080004066275189, 0.5094611466129604]}