{"mauve": 0.6367041794951932, "js": 0.5236775756831787, "frontier_integral": 0.7475757274246654, "mauve_scores": [0.629445165496104, 0.64699187506296, 0.6289269302439211, 0.6354737182343297, 0.6426832084386511], "js_scores": [0.5318796604858329, 0.512721655136446, 0.5317489947155488, 0.525295842385626, 0.51674172569244]}