{"mauve": 0.6578635417958477, "js": 0.49988435999886, "frontier_integral": 0.7115355215176107, "mauve_scores": [0.6570221120781683, 0.6566640234795458, 0.6616978830064648, 0.6582335677746982, 0.6557001226403611], "js_scores": [0.5007772140357167, 0.5010728364809425, 0.495704835169254, 0.4993263313164739, 0.5025405829919128]}