{"mauve": 0.6560394093895896, "js": 0.5026473499188144, "frontier_integral": 0.7147676750559431, "mauve_scores": [0.6537262727336858, 0.652802648318034, 0.6614145142056407, 0.6576418314921625, 0.6546117801984248], "js_scores": [0.5055637849000003, 0.5062206723997889, 0.49641619312909524, 0.5003698497614354, 0.504666249403752]}