{"mauve": 0.6388957089564269, "js": 0.5213742532881629, "frontier_integral": 0.7438497777567687, "mauve_scores": [0.6320669301123227, 0.637493032126307, 0.6410446943316913, 0.6405699246895309, 0.6433039635222828], "js_scores": [0.5281904100559944, 0.5233842702142117, 0.5191156442107563, 0.5193154999540716, 0.5168654420057803]}