{"mauve": 0.6221929243578588, "js": 0.5402330001435833, "frontier_integral": 0.7726282471086662, "mauve_scores": [0.6192183895866724, 0.6211711225553422, 0.6241457575955478, 0.6275964485570575, 0.618832903494674], "js_scores": [0.5436139744431937, 0.5412166334471882, 0.5376193487751619, 0.5338331899140054, 0.5448818541383674]}