{"mauve": 0.6315782403413683, "js": 0.5298290182877949, "frontier_integral": 0.7564157691272848, "mauve_scores": [0.6293402439194046, 0.6314634594040351, 0.6326646104978726, 0.6336559577930447, 0.6307669300924846], "js_scores": [0.5323120436819462, 0.5300254868057928, 0.5280285779495844, 0.5278385284041178, 0.5309404545975329]}