{"mauve": 0.6405822575256349, "js": 0.5189583972895988, "frontier_integral": 0.7408391667635741, "mauve_scores": [0.6424016702422554, 0.6390480112158511, 0.6381538426239639, 0.6416881885634753, 0.6416195749826287], "js_scores": [0.5174794812100226, 0.5207025362945558, 0.5218577280201038, 0.51729493919547, 0.5174573017278419]}