{"mauve": 0.515533045724174, "js": 0.6726081125903447, "frontier_integral": 0.9691340793856436, "mauve_scores": [0.5138049613680967, 0.5201244765347768, 0.5159617138136345, 0.512866173571708, 0.5149079033326542], "js_scores": [0.6749534515741151, 0.6665399691383173, 0.6719627048108703, 0.6762897096389716, 0.673294727789449]}