{"mauve": 0.6544164152778311, "js": 0.5040089121374796, "frontier_integral": 0.7174338514929645, "mauve_scores": [0.6519672851997464, 0.6489468236154983, 0.6550783324118361, 0.6565291897778219, 0.6595604453842527], "js_scores": [0.5065873189442311, 0.509966363659218, 0.5033921228865214, 0.5017512461923274, 0.49834750900509983]}