{"mauve": 0.5113759458733856, "js": 0.6782791540163071, "frontier_integral": 0.9773168818711305, "mauve_scores": [0.5119865704621952, 0.5102613445810322, 0.5101245650825926, 0.5153598750461666, 0.5091473741949413], "js_scores": [0.6776050219519855, 0.6800405282393225, 0.6798637024020158, 0.6726756202570399, 0.6812108972311719]}