{"mauve": 0.6449205287906763, "js": 0.5142876871615654, "frontier_integral": 0.7334072604081534, "mauve_scores": [0.644950796086921, 0.6453799160252396, 0.6529444555236553, 0.6445154892166702, 0.6368119871008951], "js_scores": [0.5142230971163013, 0.5140811098865883, 0.5043603192580088, 0.5152414938408969, 0.5235324157060317]}