{"mauve": 0.6480852254654665, "js": 0.5110630788663979, "frontier_integral": 0.7281765330342815, "mauve_scores": [0.651207737389006, 0.6499506654296917, 0.6532076462602188, 0.643270828133172, 0.6427892501152441], "js_scores": [0.5079123443737932, 0.5087117498951779, 0.5048484247333962, 0.5163648090544216, 0.5174780662752003]}