{"mauve": 0.5659049004830883, "js": 0.608052075826186, "frontier_integral": 0.8733529558721747, "mauve_scores": [0.5745329797693983, 0.5674415729368936, 0.562122048220284, 0.5633531383870449, 0.5620747631018205], "js_scores": [0.5978662033820281, 0.605842902512193, 0.6126633213930448, 0.6110536571768401, 0.6128342946668244]}