{"mauve": 0.6256604460014957, "js": 0.5362921119095793, "frontier_integral": 0.7666351194804868, "mauve_scores": [0.6200074972141969, 0.6235378514653263, 0.622391553238604, 0.6295393974757617, 0.6328259306135899], "js_scores": [0.5429438436550205, 0.5389127157472905, 0.5400387115231513, 0.5320314826271958, 0.5275338059952384]}