{"mauve": 0.6364032123698666, "js": 0.523598617080531, "frontier_integral": 0.7478851034202015, "mauve_scores": [0.6411255287504165, 0.632018790620516, 0.6454435835785044, 0.6358228497325107, 0.6276053091673853], "js_scores": [0.5180867140489637, 0.5288534664318614, 0.512620333601587, 0.5247010845793296, 0.5337314867409135]}