{"mauve": 0.6242101201963454, "js": 0.5385752142200441, "frontier_integral": 0.769147363469618, "mauve_scores": [0.6204147326311608, 0.6305608797703901, 0.6216257725694881, 0.6236722307383, 0.6247769852723881], "js_scores": [0.5430700171965446, 0.5307397226420982, 0.541095231348991, 0.539132656789131, 0.5388384431234559]}