{"mauve": 0.6355068429561449, "js": 0.5244013732546453, "frontier_integral": 0.7494527121482565, "mauve_scores": [0.638667347611978, 0.6340607808947842, 0.6339231426527387, 0.6314277837200983, 0.6394551599011253], "js_scores": [0.5211433007406869, 0.5260700429691956, 0.5259346817771828, 0.5293454817519729, 0.5195133590341878]}