{"mauve": 0.5096395581487476, "js": 0.6805756776759562, "frontier_integral": 0.9807458181834589, "mauve_scores": [0.509212028480651, 0.5099496796372971, 0.5090194221631404, 0.5094438378017399, 0.5105728226609101], "js_scores": [0.6814315690167583, 0.680133570525401, 0.681230485866541, 0.6808150423105461, 0.6792677206605346]}