{"mauve": 0.51638393830306, "js": 0.671421963563855, "frontier_integral": 0.967477297194765, "mauve_scores": [0.5141663153291475, 0.5156057393449452, 0.5119183837666859, 0.5189527073299733, 0.5212765457445481], "js_scores": [0.674248754490352, 0.6725052641394422, 0.6773097764667302, 0.6679494564514771, 0.6650965662712733]}