{"mauve": 0.6502838512825443, "js": 0.5084954009423294, "frontier_integral": 0.7244040841081753, "mauve_scores": [0.6460224748100816, 0.6578416667593383, 0.6569294693548997, 0.6446010538059661, 0.6460245916824359], "js_scores": [0.5129754184911918, 0.500656835599437, 0.5007544945398031, 0.5150085559806399, 0.5130817001005753]}