{"mauve": 0.6484304689919095, "js": 0.5102103695468816, "frontier_integral": 0.7274800574532511, "mauve_scores": [0.6423808173411911, 0.6502034545614428, 0.6495861105432582, 0.6559729896587876, 0.6440089728548677], "js_scores": [0.517436438827209, 0.5078648578525105, 0.5090664601152812, 0.5012736857485728, 0.5154104051908348]}