{"mauve": 0.6485647815994275, "js": 0.5109288062322825, "frontier_integral": 0.7273130968917675, "mauve_scores": [0.6501488003510014, 0.6433930941839867, 0.6573010071602808, 0.6376721404674432, 0.6543088658344256], "js_scores": [0.5091537608421064, 0.516892269099943, 0.500625444562701, 0.523076448920889, 0.5048961077357734]}