{"mauve": 0.6393229341247021, "js": 0.5212264779718057, "frontier_integral": 0.7429286066729243, "mauve_scores": [0.6410960444889866, 0.6433363891329937, 0.6335666092242149, 0.6444429497013464, 0.6341726780759687], "js_scores": [0.5186352718428138, 0.5171927016500181, 0.5281267343550651, 0.5155454221754981, 0.5266322598356334]}