{"mauve": 0.6219831705127091, "js": 0.5424053038091191, "frontier_integral": 0.7730373285301552, "mauve_scores": [0.6176077679827454, 0.6138152976831837, 0.6274159210619408, 0.6291078951308899, 0.6219689707047857], "js_scores": [0.5474575660869634, 0.5518192732094499, 0.5364151080787829, 0.5343327679717325, 0.5420018036986665]}