{"mauve": 0.6357121621478375, "js": 0.5254094004407439, "frontier_integral": 0.7491427052589257, "mauve_scores": [0.6301243844378004, 0.6353770617323479, 0.6313846493351256, 0.6378163689660818, 0.643858346267832], "js_scores": [0.531809688005552, 0.5258702926577972, 0.5302606199245885, 0.5221382767961251, 0.5169681248196567]}