{"mauve": 0.5058460261875333, "js": 0.6854335429603162, "frontier_integral": 0.9882963195032458, "mauve_scores": [0.5058992493206803, 0.5051350647389017, 0.5075024059786245, 0.5050533595539968, 0.505640051345463], "js_scores": [0.6852546012985207, 0.6862752551863023, 0.683347204603979, 0.6864144998167186, 0.6858761538960607]}