{"mauve": 0.641547211860806, "js": 0.5186737623475965, "frontier_integral": 0.7391142807406738, "mauve_scores": [0.6416865162957828, 0.6439510207788322, 0.6361673912929198, 0.6413974605739001, 0.6445336703625946], "js_scores": [0.5189786397985473, 0.5152699067488312, 0.5250153728085734, 0.518591311724723, 0.5155135806573077]}