{"mauve": 0.5798032007468671, "js": 0.5918891252586672, "frontier_integral": 0.8479316575721999, "mauve_scores": [0.5792222139387666, 0.5952919810774966, 0.572900695941093, 0.5745530022800075, 0.5770481104969716], "js_scores": [0.5928946227639358, 0.5736392919817952, 0.6000601849401357, 0.5974775504314613, 0.5953739761760082]}