{"mauve": 0.6206861286937373, "js": 0.5426249933924425, "frontier_integral": 0.7751959597356619, "mauve_scores": [0.6227173782072437, 0.6252612514088723, 0.6175616881193363, 0.6241406919303022, 0.613749633802932], "js_scores": [0.5401153232065178, 0.5371093270173843, 0.5466012996883168, 0.537694049475794, 0.5516049675742001]}