{"mauve": 0.6405271079362731, "js": 0.5200913280936728, "frontier_integral": 0.7409749108264261, "mauve_scores": [0.6413043242314874, 0.6368475371964322, 0.6407504006542293, 0.6416386681708217, 0.6420946094283956], "js_scores": [0.519004207353144, 0.5237628914858656, 0.5195995068335506, 0.518988445053995, 0.5191015897418088]}