{"mauve": 0.6204295375344866, "js": 0.5430858439527354, "frontier_integral": 0.77566460731831, "mauve_scores": [0.6242821214348261, 0.6134976190328769, 0.6142779116850675, 0.6281497838234413, 0.6219402516962211], "js_scores": [0.5380418024151739, 0.5504288237229602, 0.5504491695603486, 0.5341696194035043, 0.5423398046616897]}