{"mauve": 0.6213099513650466, "js": 0.5423563416569848, "frontier_integral": 0.774145139095145, "mauve_scores": [0.6202917832774852, 0.626824702086787, 0.6253429936459378, 0.6154969099271912, 0.6185933678878324], "js_scores": [0.5429240403135605, 0.536195390476909, 0.5380153620420567, 0.5495123641689548, 0.5451345512834429]}