{"mauve": 0.5887694395821093, "js": 0.5802665060894209, "frontier_integral": 0.8317611356100612, "mauve_scores": [0.5880248339248955, 0.5874565845561224, 0.5858537723110196, 0.5858033075691809, 0.5967086995493281], "js_scores": [0.5806703808234908, 0.5814387776793435, 0.5843362140288454, 0.5845083363432428, 0.5703788215721821]}