{"mauve": 0.6414589346846706, "js": 0.5184411656687221, "frontier_integral": 0.739284612556672, "mauve_scores": [0.639062315537196, 0.6378953858948394, 0.6482377676712648, 0.6480244431507107, 0.6340747611693424], "js_scores": [0.5211125800018003, 0.5231332888762109, 0.5102781466677448, 0.5103348929597971, 0.5273469198380575]}