{"mauve": 0.5083596206379619, "js": 0.6821748050187733, "frontier_integral": 0.9832970416970991, "mauve_scores": [0.5049939668209804, 0.5089055493818158, 0.5071806374277782, 0.5128675704017951, 0.5078503791574398], "js_scores": [0.6868402387550683, 0.6815884777551169, 0.683631357570547, 0.6761477647452071, 0.6826661862679272]}