{"mauve": 0.6356022634713124, "js": 0.5257589544769371, "frontier_integral": 0.7494565288903027, "mauve_scores": [0.6281045152408761, 0.6311479622772043, 0.6438428123007135, 0.6469597219366641, 0.6279563056011042], "js_scores": [0.5346769785031698, 0.5315843778500453, 0.5155700213995371, 0.5125842497738401, 0.5343791448580935]}