{"mauve": 0.6413162986746311, "js": 0.5192463406931435, "frontier_integral": 0.7397041569686171, "mauve_scores": [0.6358459269270295, 0.6414626928990308, 0.6309550229507617, 0.656580948841391, 0.6417369017549426], "js_scores": [0.5247747562936663, 0.5195427433325164, 0.5316832948238038, 0.5017508171389357, 0.5184800918767956]}