{"mauve": 0.6214461695486511, "js": 0.5423827812725582, "frontier_integral": 0.7739266621112375, "mauve_scores": [0.6172228152827776, 0.6231101664442562, 0.6315882828253646, 0.6226966988138642, 0.612612884376992], "js_scores": [0.5480448252857448, 0.5399254250902623, 0.5303051198235698, 0.5410555716012675, 0.5525829645619468]}