{"mauve": 0.6470921811258131, "js": 0.5127051688746965, "frontier_integral": 0.7298394604452083, "mauve_scores": [0.6408149380253316, 0.6504633282277323, 0.6467928067666072, 0.6540062977205088, 0.6433835348888862], "js_scores": [0.5194566553442255, 0.5093755321741599, 0.5129859111136342, 0.5045944218781292, 0.5171133238633338]}