{"mauve": 0.51206068811292, "js": 0.6772638080558042, "frontier_integral": 0.9759913955441062, "mauve_scores": [0.5111767499045444, 0.5143620643175718, 0.5085508325880259, 0.5201972626136586, 0.5060165311407996], "js_scores": [0.6780872600313197, 0.674303895688655, 0.6819793827351197, 0.666615491985153, 0.6853330098387739]}