{"mauve": 0.6399003594705881, "js": 0.5213306739043867, "frontier_integral": 0.7421322564607131, "mauve_scores": [0.6312315809883751, 0.6463569590235045, 0.6357743296660108, 0.6481529633192785, 0.6379859643557714], "js_scores": [0.5317462261293449, 0.5135713086941841, 0.526044311446617, 0.5114746446246602, 0.5238168786271276]}