{"mauve": 0.6380286879534594, "js": 0.5229154917540614, "frontier_integral": 0.7453434258924441, "mauve_scores": [0.6239557280420722, 0.6411469496379876, 0.6542394395422744, 0.636820998320087, 0.6339803242248757], "js_scores": [0.5391217988416555, 0.5193062527441219, 0.5046894676463962, 0.5239934281516563, 0.5274665113864769]}