{"mauve": 0.6171875490941077, "js": 0.5469935912667904, "frontier_integral": 0.7812907233356553, "mauve_scores": [0.6151000507079737, 0.6137350563834878, 0.6095664222101296, 0.6251275145580583, 0.622408701610889], "js_scores": [0.5499438032270777, 0.5509790161485082, 0.5557488084780088, 0.5375052470021348, 0.5407910814782225]}