{"mauve": 0.5984316898714283, "js": 0.5693173890622385, "frontier_integral": 0.8145279875906954, "mauve_scores": [0.5966657228178729, 0.5987282231257868, 0.5872286449727029, 0.6106699867255915, 0.5988658717151872], "js_scores": [0.571297965122884, 0.5691462091710646, 0.5830846147828286, 0.5542579201238629, 0.5688002361105521]}