{"mauve": 0.6306540997218719, "js": 0.5307183825267271, "frontier_integral": 0.7578711698580285, "mauve_scores": [0.6420212719534026, 0.6246929823705443, 0.6243417706719794, 0.6369876025533543, 0.6252268710600792], "js_scores": [0.5169555780091094, 0.5377579966037542, 0.5382952094244106, 0.5231871522823383, 0.5373959763140231]}