{"mauve": 0.618859097006872, "js": 0.5442550311041986, "frontier_integral": 0.778448230231149, "mauve_scores": [0.6212561753491608, 0.6142171881786551, 0.6147508660906722, 0.6221628778516131, 0.6219083775642587], "js_scores": [0.5420893924331669, 0.5494329364076642, 0.5487209342981441, 0.5400189617983508, 0.5410129305836667]}