{"mauve": 0.6354679281784975, "js": 0.525554870710688, "frontier_integral": 0.7495833661947773, "mauve_scores": [0.6400357555115299, 0.6332484564032049, 0.639078442310227, 0.6354300366190819, 0.6295469500484436], "js_scores": [0.5198354985928536, 0.5281030370135122, 0.5221021264876224, 0.5261898766302759, 0.5315438148291758]}