{"mauve": 0.6423360636141524, "js": 0.5177000420998145, "frontier_integral": 0.7377955152731345, "mauve_scores": [0.6352682806765158, 0.6413951746617899, 0.6522935549480896, 0.6437650877479596, 0.638958220036407], "js_scores": [0.5254429283681337, 0.5184866172918962, 0.5060803507759416, 0.5168215865046828, 0.5216687275584182]}