{"mauve": 0.6409150506420384, "js": 0.519135002013899, "frontier_integral": 0.7402513260115341, "mauve_scores": [0.6351400548151473, 0.6492374395815317, 0.6470116440441158, 0.6349897799615822, 0.6381963348078143], "js_scores": [0.5263563912906417, 0.5092580304246903, 0.5120733339057432, 0.5256260514555686, 0.5223612029928508]}