{"mauve": 0.5073691284610955, "js": 0.6834131730784361, "frontier_integral": 0.9852714386302507, "mauve_scores": [0.5089961550197087, 0.508127804542481, 0.5093559379549547, 0.5068101944474277, 0.5035555503409059], "js_scores": [0.6812938057246725, 0.6823520468030477, 0.6807147587254554, 0.6842190131632973, 0.6884862409757075]}