{"mauve": 0.6475743289541359, "js": 0.5122966663349819, "frontier_integral": 0.7289763332236967, "mauve_scores": [0.6429658658688664, 0.646745066279578, 0.6555937145572988, 0.6508443015759473, 0.641722696488989], "js_scores": [0.5176241269347115, 0.5138689990689498, 0.5034597223069098, 0.508132298628682, 0.5183981847356567]}