{"mauve": 0.6100229485571921, "js": 0.5555669871846503, "frontier_integral": 0.7939160747225531, "mauve_scores": [0.6073260011420993, 0.6046700767305335, 0.609556305420913, 0.6176259523712068, 0.6109364071212081], "js_scores": [0.5593603893788858, 0.5611136224942324, 0.5560646020283231, 0.546306904248532, 0.5549894177732781]}