{"mauve": 0.5067586409361545, "js": 0.684237278093242, "frontier_integral": 0.9864799186375169, "mauve_scores": [0.5059794844653277, 0.5064593946848166, 0.5095688892806658, 0.5059481826468557, 0.5058372536031065], "js_scores": [0.6852071313033946, 0.6844761224983387, 0.6806532018806566, 0.6852974451200714, 0.6855524896637493]}