{"mauve": 0.6131478235373489, "js": 0.5517351275989328, "frontier_integral": 0.7884753902770003, "mauve_scores": [0.6135927974134969, 0.6105671818335685, 0.6108034958078548, 0.6152953759509316, 0.6154802666808924], "js_scores": [0.5511142648817364, 0.5554404972623528, 0.5542813624216234, 0.5489757705998164, 0.548863742829135]}