{"mauve": 0.6375404070288606, "js": 0.5233375932465067, "frontier_integral": 0.7460162290036944, "mauve_scores": [0.6442726505252439, 0.6378856631915315, 0.6306406874779524, 0.6418906686265606, 0.6330123653230147], "js_scores": [0.5156894658021468, 0.5232563142806582, 0.5306988639868807, 0.5184436185970605, 0.5285997035657877]}