{"mauve": 0.5134359009615791, "js": 0.675485903181991, "frontier_integral": 0.9732528492102102, "mauve_scores": [0.5140893596452181, 0.5126718765252545, 0.516601930161297, 0.5112850094465013, 0.5125313290296245], "js_scores": [0.675002491918628, 0.6763421944665682, 0.6709543137524205, 0.6783109695142991, 0.6768195462580388]}