{"mauve": 0.630987481772085, "js": 0.5304784298188867, "frontier_integral": 0.7571749861547576, "mauve_scores": [0.6338851135038943, 0.6252475682565342, 0.6373900464260558, 0.6275654671063013, 0.6308492135676398], "js_scores": [0.5275220480333085, 0.5368085062125475, 0.5228618354632648, 0.534686725185562, 0.5305130341997508]}