{"mauve": 0.6435937857374711, "js": 0.5166146572058041, "frontier_integral": 0.7357050624437754, "mauve_scores": [0.6338707763516505, 0.6504465492974753, 0.6458209303630449, 0.6415682655806045, 0.6462624070945805], "js_scores": [0.5280673691822348, 0.5087880013539356, 0.514245665814346, 0.5183757413009769, 0.5135965083775272]}