{"mauve": 0.5227293089033027, "js": 0.6632164776887599, "frontier_integral": 0.9550685547570188, "mauve_scores": [0.5219461991011105, 0.5236236528670242, 0.5283816746665804, 0.5175773979035746, 0.5221176199782235], "js_scores": [0.6642854581204418, 0.6620548068717187, 0.6558504801291685, 0.6699204431847929, 0.6639712001376776]}