{"mauve": 0.6496326116533904, "js": 0.5098008222125726, "frontier_integral": 0.7254545452460694, "mauve_scores": [0.6477890320323756, 0.6471915357204405, 0.6541440100992817, 0.64897123497787, 0.6500672454369847], "js_scores": [0.5122841922791164, 0.5125851557825988, 0.5044567871251415, 0.510678333695942, 0.5089996421800641]}