{"mauve": 0.6273647681668553, "js": 0.5362280103183023, "frontier_integral": 0.7637662953162365, "mauve_scores": [0.625520287410688, 0.6267743023742693, 0.6286386539419673, 0.6285858169834608, 0.6273047801238915], "js_scores": [0.5385121291631983, 0.537199194169885, 0.5339264766299492, 0.5346898617742891, 0.5368123898541891]}